Useless nonterminals

   complex_statement
   successive_statement


Terminals which are not used

   NULL_STRING
   NEW
   THIS
   AT
   OBJECT_VALUE
   ARRAY_VALUE
   PRINT
   PRINTLN
   SEMICOLON_OPTIONAL
   NEW_ARRAY
   SPACE
   PACKAGE


Useless rules

  177 complex_statement: if_statement

  178 successive_statement: else_statement
  179                     | elif_statement


Rules never reduced

    9 statement: statement INDENT single_statement LF check_indent build_statement_stack


State 23 conflicts: 1 shift/reduce
State 35 conflicts: 15 shift/reduce
State 36 conflicts: 1 shift/reduce
State 37 conflicts: 1 shift/reduce
State 39 conflicts: 15 shift/reduce
State 44 conflicts: 2 shift/reduce
State 52 conflicts: 3 shift/reduce
State 89 conflicts: 18 shift/reduce
State 90 conflicts: 1 shift/reduce
State 98 conflicts: 1 shift/reduce
State 99 conflicts: 1 shift/reduce
State 100 conflicts: 1 shift/reduce
State 101 conflicts: 1 shift/reduce
State 103 conflicts: 1 shift/reduce
State 104 conflicts: 1 shift/reduce
State 113 conflicts: 2 shift/reduce
State 117 conflicts: 2 shift/reduce
State 148 conflicts: 1 shift/reduce
State 149 conflicts: 2 shift/reduce
State 150 conflicts: 2 shift/reduce
State 175 conflicts: 1 shift/reduce
State 176 conflicts: 1 shift/reduce
State 177 conflicts: 1 shift/reduce
State 178 conflicts: 1 shift/reduce
State 179 conflicts: 1 shift/reduce
State 180 conflicts: 1 shift/reduce
State 181 conflicts: 1 shift/reduce
State 182 conflicts: 1 shift/reduce
State 183 conflicts: 1 shift/reduce
State 184 conflicts: 1 shift/reduce
State 185 conflicts: 1 shift/reduce
State 186 conflicts: 1 shift/reduce
State 187 conflicts: 1 shift/reduce
State 188 conflicts: 18 shift/reduce
State 189 conflicts: 1 shift/reduce
State 190 conflicts: 1 shift/reduce
State 191 conflicts: 1 shift/reduce
State 193 conflicts: 1 shift/reduce
State 195 conflicts: 1 shift/reduce
State 196 conflicts: 1 shift/reduce
State 197 conflicts: 1 shift/reduce
State 198 conflicts: 1 shift/reduce
State 199 conflicts: 1 shift/reduce
State 200 conflicts: 1 shift/reduce
State 207 conflicts: 1 shift/reduce
State 232 conflicts: 35 reduce/reduce
State 243 conflicts: 18 shift/reduce
State 244 conflicts: 18 shift/reduce
State 249 conflicts: 18 shift/reduce


Grammar

    0 $accept: begin_stream $end

    1 begin_stream: import_statement
    2             | statement

    3 import_statement: IMPORT STR_LTR

    4 statement: statement NOINDENT monostatement enclose_statement_stack build_single_statement_stack execute_single_statement LF
    5          | statement NOINDENT foldable_statement build_statement_stack LF
    6          | statement INDENT single_statement LF check_indent build_statement_stack

    7 @1: /* empty */

    8 statement: statement close_execute_last_statement @1 single_statement LF check_indent build_statement_stack execute_single_statement
    9          | statement INDENT single_statement LF check_indent build_statement_stack
   10          | statement LF close_execute_statement
   11          | statement END_FILE close_execute_last_statement
   12          | error
   13          | END_FILE

   14 check_indent: /* empty */

   15 enclose_statement_stack: /* empty */

   16 build_statement_stack: /* empty */

   17 build_single_statement_stack: /* empty */

   18 close_execute_statement: /* empty */

   19 close_execute_last_statement: /* empty */

   20 execute_single_statement: /* empty */

   21 monostatement: expression_statement
   22              | break_statement
   23              | continue_statement
   24              | return_statement
   25              | nop_statement
   26              | var_statement
   27              | global_statement

   28 foldable_statement: function_statement
   29                   | for_statement
   30                   | class_statement
   31                   | while_statement

   32 single_statement: expression_statement
   33                 | if_statement
   34                 | else_statement
   35                 | elif_statement
   36                 | for_statement
   37                 | while_statement
   38                 | break_statement
   39                 | continue_statement
   40                 | return_statement
   41                 | function_statement
   42                 | nop_statement
   43                 | var_statement
   44                 | global_statement
   45                 | class_statement
   46                 | error

   47 single_statement_no_semicolon: expression_statement
   48                              | if_statement
   49                              | for_statement
   50                              | while_statement
   51                              | do_while_statement
   52                              | null_statement

   53 null_statement: /* empty */

   54 nop_statement: NOP

   55 statement_block: LEFT_BRACE block_list RIGHT_BRACE
   56                | LEFT_BRACE RIGHT_BRACE

   57 block_list: single_statement
   58           | block_list single_statement

   59 expression_statement: expression

   60 expression: value_expression
   61           | lvalue_operation_expression
   62           | unary_expression
   63           | binary_expression
   64           | array_expression
   65           | shortcut_expression

   66 lvalue_operation_expression: assign_expression
   67                            | self_operation_expression

   68 assign_expression: lvalue_expression ASSIGN expression
   69                  | lvalue_expression ADD_ASSIGN expression
   70                  | lvalue_expression SUB_ASSIGN expression
   71                  | lvalue_expression MUL_ASSIGN expression
   72                  | lvalue_expression DIV_ASSIGN expression
   73                  | lvalue_expression MOD_ASSIGN expression

   74 self_operation_expression: INCREMENT lvalue_expression
   75                          | DECREMENT lvalue_expression
   76                          | lvalue_expression INCREMENT
   77                          | lvalue_expression DECREMENT

   78 unary_expression: SUB expression
   79                 | ADD expression
   80                 | LEFT_PAREN expression RIGHT_PAREN
   81                 | NOT expression
   82                 | BIT_NOT expression

   83 binary_expression: expression ADD expression
   84                  | expression SUB expression
   85                  | expression MUL expression
   86                  | expression DIV expression
   87                  | expression MOD expression
   88                  | expression AND expression
   89                  | expression OR expression
   90                  | expression XOR expression
   91                  | expression EQ expression
   92                  | expression NE expression
   93                  | expression GT expression
   94                  | expression GE expression
   95                  | expression LT expression
   96                  | expression LE expression
   97                  | expression BIT_AND expression
   98                  | expression BIT_OR expression
   99                  | expression BIT_XOR expression
  100                  | expression QM expression COLON expression

  101 shortcut_expression: SHORTCUT_PRINTLN element_list

  102 value_expression: INT_LTR
  103                 | FLT_LTR
  104                 | BLN_LTR
  105                 | STR_LTR
  106                 | NLL_LTR
  107                 | function_expression
  108                 | lvalue_expression

  109 lvalue_expression: IDENTIFER
  110                  | lvalue_expression DOT IDENTIFER
  111                  | lvalue_expression evaluate_list
  112                  | lvalue_expression DOT function_expression

  113 array_expression: LEFT_QUAD element_list RIGHT_QUAD
  114                 | LEFT_QUAD RIGHT_QUAD

  115 element_list: expression
  116             | element_list COMMA expression

  117 var_statement: VAR assign_list
  118              | SHARED VAR assign_list

  119 global_statement: GLOBAL assign_list

  120 assign_list: IDENTIFER
  121            | IDENTIFER ASSIGN expression
  122            | assign_list COMMA IDENTIFER
  123            | assign_list COMMA IDENTIFER ASSIGN expression

  124 function_expression: IDENTIFER LEFT_PAREN argument_list RIGHT_PAREN
  125                    | IDENTIFER LEFT_PAREN RIGHT_PAREN

  126 argument_list: expression
  127              | IDENTIFER COLON expression
  128              | argument_list COMMA expression
  129              | argument_list COMMA IDENTIFER COLON expression

  130 parameter_list: IDENTIFER
  131               | IDENTIFER ASSIGN expression
  132               | parameter_list COMMA IDENTIFER
  133               | parameter_list COMMA IDENTIFER ASSIGN expression

  134 evaluate_list: LEFT_QUAD expression RIGHT_QUAD
  135              | LEFT_QUAD expression COLON expression RIGHT_QUAD
  136              | LEFT_QUAD expression COLON expression COLON RIGHT_QUAD
  137              | LEFT_QUAD expression COLON expression COLON expression RIGHT_QUAD
  138              | LEFT_QUAD expression COLON RIGHT_QUAD
  139              | LEFT_QUAD expression COLON COLON RIGHT_QUAD
  140              | LEFT_QUAD expression COLON COLON expression RIGHT_QUAD
  141              | LEFT_QUAD COLON expression RIGHT_QUAD
  142              | LEFT_QUAD COLON expression COLON RIGHT_QUAD
  143              | LEFT_QUAD COLON expression COLON expression RIGHT_QUAD
  144              | LEFT_QUAD COLON COLON RIGHT_QUAD
  145              | evaluate_list LEFT_QUAD expression RIGHT_QUAD
  146              | evaluate_list LEFT_QUAD expression COLON expression RIGHT_QUAD
  147              | evaluate_list LEFT_QUAD expression COLON expression COLON RIGHT_QUAD
  148              | evaluate_list LEFT_QUAD expression COLON expression COLON expression RIGHT_QUAD
  149              | evaluate_list LEFT_QUAD expression COLON RIGHT_QUAD
  150              | evaluate_list LEFT_QUAD expression COLON COLON RIGHT_QUAD
  151              | evaluate_list LEFT_QUAD expression COLON COLON expression RIGHT_QUAD
  152              | evaluate_list LEFT_QUAD COLON expression RIGHT_QUAD
  153              | evaluate_list LEFT_QUAD COLON expression COLON RIGHT_QUAD
  154              | evaluate_list LEFT_QUAD COLON expression COLON expression RIGHT_QUAD
  155              | evaluate_list LEFT_QUAD COLON COLON RIGHT_QUAD

  156 if_statement: IF expression

  157 else_statement: ELSE

  158 elif_statement: ELIF expression

  159 for_statement: FOR single_statement_no_semicolon SEMICOLON expression_statement SEMICOLON single_statement_no_semicolon
  160              | FOR single_statement_no_semicolon COLON expression_statement COLON single_statement_no_semicolon

  161 while_statement: WHILE expression
  162                | WHILE

  163 do_while_statement: DO structure_statement WHILE LEFT_PAREN expression_statement RIGHT_PAREN SEMICOLON

  164 break_statement: BREAK
  165                | BREAK LEFT_PAREN expression RIGHT_PAREN

  166 continue_statement: CONTINUE
  167                   | CONTINUE LEFT_PAREN expression RIGHT_PAREN

  168 structure_statement: single_statement
  169                    | statement_block

  170 function_statement: FUNC IDENTIFER LEFT_PAREN parameter_list RIGHT_PAREN
  171                   | FUNC IDENTIFER LEFT_PAREN RIGHT_PAREN
  172                   | SHARED FUNC IDENTIFER LEFT_PAREN parameter_list RIGHT_PAREN
  173                   | SHARED FUNC IDENTIFER LEFT_PAREN RIGHT_PAREN

  174 class_statement: CLASS IDENTIFER

  175 return_statement: RETURN
  176                 | RETURN expression


Terminals, with rules where they appear

$end (0) 0
error (256) 12 46
NULL_STRING (258)
NOINDENT (259) 4 5
LF (260) 4 5 6 8 9 10
END_FILE (261) 11 13
NEW (262)
IMPORT (263) 3
NOP (264) 54
DOT (265) 110 112
CLASS (266) 174
SHARED (267) 118 172 173
THIS (268)
AT (269)
INDENT (270) 6 9
INT_LTR (271) 102
BLN_LTR (272) 104
FLT_LTR (273) 103
STR_LTR (274) 3 105
OBJECT_VALUE (275)
NLL_LTR (276) 106
ARRAY_VALUE (277)
SHORTCUT_PRINTLN (278) 101
IDENTIFER (279) 109 110 120 121 122 123 124 125 127 129 130 131 132
    133 170 171 172 173 174
ASSIGN (280) 68 121 123 131 133
VAR (281) 117 118
GLOBAL (282) 119
ADD_ASSIGN (283) 69
SUB_ASSIGN (284) 70
MUL_ASSIGN (285) 71
DIV_ASSIGN (286) 72
MOD_ASSIGN (287) 73
PRINT (288)
PRINTLN (289)
LEFT_PAREN (290) 80 124 125 163 165 167 170 171 172 173
RIGHT_PAREN (291) 80 124 125 163 165 167 170 171 172 173
LEFT_QUAD (292) 113 114 134 135 136 137 138 139 140 141 142 143 144
    145 146 147 148 149 150 151 152 153 154 155
RIGHT_QUAD (293) 113 114 134 135 136 137 138 139 140 141 142 143 144
    145 146 147 148 149 150 151 152 153 154 155
LEFT_BRACE (294) 55 56
RIGHT_BRACE (295) 55 56
SEMICOLON_OPTIONAL (296)
SEMICOLON (297) 159 163
COMMA (298) 116 122 123 128 129 132 133
COLON (299) 100 127 129 135 136 137 138 139 140 141 142 143 144 146
    147 148 149 150 151 152 153 154 155 160
ADD (300) 79 83
SUB (301) 78 84
MUL (302) 85
DIV (303) 86
MOD (304) 87
EQ (305) 91
NE (306) 92
GT (307) 93
GE (308) 94
LT (309) 95
LE (310) 96
AND (311) 88
OR (312) 89
NOT (313) 81
XOR (314) 90
BIT_AND (315) 97
BIT_OR (316) 98
BIT_XOR (317) 99
BIT_NOT (318) 82
INCREMENT (319) 74 76
DECREMENT (320) 75 77
IF (321) 156
ELIF (322) 158
ELSE (323) 157
FOR (324) 159 160
WHILE (325) 161 162 163
DO (326) 163
CONTINUE (327) 166 167
BREAK (328) 164 165
FUNC (329) 170 171 172 173
RETURN (330) 175 176
NEW_ARRAY (331)
SPACE (332)
PACKAGE (333)
PLUS_SIGN (334)
MINUS_SIGN (335)
QM (336) 100


Nonterminals, with rules where they appear

$accept (82)
    on left: 0
begin_stream (83)
    on left: 1 2, on right: 0
import_statement (84)
    on left: 3, on right: 1
statement (85)
    on left: 4 5 6 8 9 10 11 12 13, on right: 2 4 5 6 8 9 10 11
@1 (86)
    on left: 7, on right: 8
check_indent (87)
    on left: 14, on right: 6 8 9
enclose_statement_stack (88)
    on left: 15, on right: 4
build_statement_stack (89)
    on left: 16, on right: 5 6 8 9
build_single_statement_stack (90)
    on left: 17, on right: 4
close_execute_statement (91)
    on left: 18, on right: 10
close_execute_last_statement (92)
    on left: 19, on right: 8 11
execute_single_statement (93)
    on left: 20, on right: 4 8
monostatement (94)
    on left: 21 22 23 24 25 26 27, on right: 4
foldable_statement (95)
    on left: 28 29 30 31, on right: 5
single_statement (96)
    on left: 32 33 34 35 36 37 38 39 40 41 42 43 44 45 46,
    on right: 6 8 9 57 58 168
single_statement_no_semicolon (97)
    on left: 47 48 49 50 51 52, on right: 159 160
null_statement (98)
    on left: 53, on right: 52
nop_statement (99)
    on left: 54, on right: 25 42
statement_block (100)
    on left: 55 56, on right: 169
block_list (101)
    on left: 57 58, on right: 55 58
expression_statement (102)
    on left: 59, on right: 21 32 47 159 160 163
expression (103)
    on left: 60 61 62 63 64 65, on right: 59 68 69 70 71 72 73 78 79
    80 81 82 83 84 85 86 87 88 89 90 91 92 93 94 95 96 97 98 99 100
    115 116 121 123 126 127 128 129 131 133 134 135 136 137 138 139
    140 141 142 143 145 146 147 148 149 150 151 152 153 154 156 158
    161 165 167 176
lvalue_operation_expression (104)
    on left: 66 67, on right: 61
assign_expression (105)
    on left: 68 69 70 71 72 73, on right: 66
self_operation_expression (106)
    on left: 74 75 76 77, on right: 67
unary_expression (107)
    on left: 78 79 80 81 82, on right: 62
binary_expression (108)
    on left: 83 84 85 86 87 88 89 90 91 92 93 94 95 96 97 98 99 100
   , on right: 63
shortcut_expression (109)
    on left: 101, on right: 65
value_expression (110)
    on left: 102 103 104 105 106 107 108, on right: 60
lvalue_expression (111)
    on left: 109 110 111 112, on right: 68 69 70 71 72 73 74 75 76
    77 108 110 111 112
array_expression (112)
    on left: 113 114, on right: 64
element_list (113)
    on left: 115 116, on right: 101 113 116
var_statement (114)
    on left: 117 118, on right: 26 43
global_statement (115)
    on left: 119, on right: 27 44
assign_list (116)
    on left: 120 121 122 123, on right: 117 118 119 122 123
function_expression (117)
    on left: 124 125, on right: 107 112
argument_list (118)
    on left: 126 127 128 129, on right: 124 128 129
parameter_list (119)
    on left: 130 131 132 133, on right: 132 133 170 172
evaluate_list (120)
    on left: 134 135 136 137 138 139 140 141 142 143 144 145 146 147
    148 149 150 151 152 153 154 155, on right: 111 145 146 147 148
    149 150 151 152 153 154 155
if_statement (121)
    on left: 156, on right: 33 48
else_statement (122)
    on left: 157, on right: 34
elif_statement (123)
    on left: 158, on right: 35
for_statement (124)
    on left: 159 160, on right: 29 36 49
while_statement (125)
    on left: 161 162, on right: 31 37 50
do_while_statement (126)
    on left: 163, on right: 51
break_statement (127)
    on left: 164 165, on right: 22 38
continue_statement (128)
    on left: 166 167, on right: 23 39
structure_statement (129)
    on left: 168 169, on right: 163
function_statement (130)
    on left: 170 171 172 173, on right: 28 41
class_statement (131)
    on left: 174, on right: 30 45
return_statement (132)
    on left: 175 176, on right: 24 40


state 0

    0 $accept: . begin_stream $end

    error     shift, and go to state 1
    END_FILE  shift, and go to state 2
    IMPORT    shift, and go to state 3

    begin_stream      go to state 4
    import_statement  go to state 5
    statement         go to state 6


state 1

   12 statement: error .

    $default  reduce using rule 12 (statement)


state 2

   13 statement: END_FILE .

    $default  reduce using rule 13 (statement)


state 3

    3 import_statement: IMPORT . STR_LTR

    STR_LTR  shift, and go to state 7


state 4

    0 $accept: begin_stream . $end

    $end  shift, and go to state 8


state 5

    1 begin_stream: import_statement .

    $default  reduce using rule 1 (begin_stream)


state 6

    2 begin_stream: statement .
    4 statement: statement . NOINDENT monostatement enclose_statement_stack build_single_statement_stack execute_single_statement LF
    5          | statement . NOINDENT foldable_statement build_statement_stack LF
    6          | statement . INDENT single_statement LF check_indent build_statement_stack
    8          | statement . close_execute_last_statement @1 single_statement LF check_indent build_statement_stack execute_single_statement
    9          | statement . INDENT single_statement LF check_indent build_statement_stack
   10          | statement . LF close_execute_statement
   11          | statement . END_FILE close_execute_last_statement

    NOINDENT  shift, and go to state 9
    LF        shift, and go to state 10
    END_FILE  shift, and go to state 11
    INDENT    shift, and go to state 12

    $end      reduce using rule 2 (begin_stream)
    $default  reduce using rule 19 (close_execute_last_statement)

    close_execute_last_statement  go to state 13


state 7

    3 import_statement: IMPORT STR_LTR .

    $default  reduce using rule 3 (import_statement)


state 8

    0 $accept: begin_stream $end .

    $default  accept


state 9

    4 statement: statement NOINDENT . monostatement enclose_statement_stack build_single_statement_stack execute_single_statement LF
    5          | statement NOINDENT . foldable_statement build_statement_stack LF

    NOP               shift, and go to state 14
    CLASS             shift, and go to state 15
    SHARED            shift, and go to state 16
    INT_LTR           shift, and go to state 17
    BLN_LTR           shift, and go to state 18
    FLT_LTR           shift, and go to state 19
    STR_LTR           shift, and go to state 20
    NLL_LTR           shift, and go to state 21
    SHORTCUT_PRINTLN  shift, and go to state 22
    IDENTIFER         shift, and go to state 23
    VAR               shift, and go to state 24
    GLOBAL            shift, and go to state 25
    LEFT_PAREN        shift, and go to state 26
    LEFT_QUAD         shift, and go to state 27
    ADD               shift, and go to state 28
    SUB               shift, and go to state 29
    NOT               shift, and go to state 30
    BIT_NOT           shift, and go to state 31
    INCREMENT         shift, and go to state 32
    DECREMENT         shift, and go to state 33
    FOR               shift, and go to state 34
    WHILE             shift, and go to state 35
    CONTINUE          shift, and go to state 36
    BREAK             shift, and go to state 37
    FUNC              shift, and go to state 38
    RETURN            shift, and go to state 39

    monostatement                go to state 40
    foldable_statement           go to state 41
    nop_statement                go to state 42
    expression_statement         go to state 43
    expression                   go to state 44
    lvalue_operation_expression  go to state 45
    assign_expression            go to state 46
    self_operation_expression    go to state 47
    unary_expression             go to state 48
    binary_expression            go to state 49
    shortcut_expression          go to state 50
    value_expression             go to state 51
    lvalue_expression            go to state 52
    array_expression             go to state 53
    var_statement                go to state 54
    global_statement             go to state 55
    function_expression          go to state 56
    for_statement                go to state 57
    while_statement              go to state 58
    break_statement              go to state 59
    continue_statement           go to state 60
    function_statement           go to state 61
    class_statement              go to state 62
    return_statement             go to state 63


state 10

   10 statement: statement LF . close_execute_statement

    $default  reduce using rule 18 (close_execute_statement)

    close_execute_statement  go to state 64


state 11

   11 statement: statement END_FILE . close_execute_last_statement

    $default  reduce using rule 19 (close_execute_last_statement)

    close_execute_last_statement  go to state 65


state 12

    6 statement: statement INDENT . single_statement LF check_indent build_statement_stack
    9          | statement INDENT . single_statement LF check_indent build_statement_stack

    error             shift, and go to state 66
    NOP               shift, and go to state 14
    CLASS             shift, and go to state 15
    SHARED            shift, and go to state 16
    INT_LTR           shift, and go to state 17
    BLN_LTR           shift, and go to state 18
    FLT_LTR           shift, and go to state 19
    STR_LTR           shift, and go to state 20
    NLL_LTR           shift, and go to state 21
    SHORTCUT_PRINTLN  shift, and go to state 22
    IDENTIFER         shift, and go to state 23
    VAR               shift, and go to state 24
    GLOBAL            shift, and go to state 25
    LEFT_PAREN        shift, and go to state 26
    LEFT_QUAD         shift, and go to state 27
    ADD               shift, and go to state 28
    SUB               shift, and go to state 29
    NOT               shift, and go to state 30
    BIT_NOT           shift, and go to state 31
    INCREMENT         shift, and go to state 32
    DECREMENT         shift, and go to state 33
    IF                shift, and go to state 67
    ELIF              shift, and go to state 68
    ELSE              shift, and go to state 69
    FOR               shift, and go to state 34
    WHILE             shift, and go to state 35
    CONTINUE          shift, and go to state 36
    BREAK             shift, and go to state 37
    FUNC              shift, and go to state 38
    RETURN            shift, and go to state 39

    single_statement             go to state 70
    nop_statement                go to state 71
    expression_statement         go to state 72
    expression                   go to state 44
    lvalue_operation_expression  go to state 45
    assign_expression            go to state 46
    self_operation_expression    go to state 47
    unary_expression             go to state 48
    binary_expression            go to state 49
    shortcut_expression          go to state 50
    value_expression             go to state 51
    lvalue_expression            go to state 52
    array_expression             go to state 53
    var_statement                go to state 73
    global_statement             go to state 74
    function_expression          go to state 56
    if_statement                 go to state 75
    else_statement               go to state 76
    elif_statement               go to state 77
    for_statement                go to state 78
    while_statement              go to state 79
    break_statement              go to state 80
    continue_statement           go to state 81
    function_statement           go to state 82
    class_statement              go to state 83
    return_statement             go to state 84


state 13

    8 statement: statement close_execute_last_statement . @1 single_statement LF check_indent build_statement_stack execute_single_statement

    $default  reduce using rule 7 (@1)

    @1  go to state 85


state 14

   54 nop_statement: NOP .

    $default  reduce using rule 54 (nop_statement)


state 15

  174 class_statement: CLASS . IDENTIFER

    IDENTIFER  shift, and go to state 86


state 16

  118 var_statement: SHARED . VAR assign_list
  172 function_statement: SHARED . FUNC IDENTIFER LEFT_PAREN parameter_list RIGHT_PAREN
  173                   | SHARED . FUNC IDENTIFER LEFT_PAREN RIGHT_PAREN

    VAR   shift, and go to state 87
    FUNC  shift, and go to state 88


state 17

  102 value_expression: INT_LTR .

    $default  reduce using rule 102 (value_expression)


state 18

  104 value_expression: BLN_LTR .

    $default  reduce using rule 104 (value_expression)


state 19

  103 value_expression: FLT_LTR .

    $default  reduce using rule 103 (value_expression)


state 20

  105 value_expression: STR_LTR .

    $default  reduce using rule 105 (value_expression)


state 21

  106 value_expression: NLL_LTR .

    $default  reduce using rule 106 (value_expression)


state 22

  101 shortcut_expression: SHORTCUT_PRINTLN . element_list

    INT_LTR           shift, and go to state 17
    BLN_LTR           shift, and go to state 18
    FLT_LTR           shift, and go to state 19
    STR_LTR           shift, and go to state 20
    NLL_LTR           shift, and go to state 21
    SHORTCUT_PRINTLN  shift, and go to state 22
    IDENTIFER         shift, and go to state 23
    LEFT_PAREN        shift, and go to state 26
    LEFT_QUAD         shift, and go to state 27
    ADD               shift, and go to state 28
    SUB               shift, and go to state 29
    NOT               shift, and go to state 30
    BIT_NOT           shift, and go to state 31
    INCREMENT         shift, and go to state 32
    DECREMENT         shift, and go to state 33

    expression                   go to state 89
    lvalue_operation_expression  go to state 45
    assign_expression            go to state 46
    self_operation_expression    go to state 47
    unary_expression             go to state 48
    binary_expression            go to state 49
    shortcut_expression          go to state 50
    value_expression             go to state 51
    lvalue_expression            go to state 52
    array_expression             go to state 53
    element_list                 go to state 90
    function_expression          go to state 56


state 23

  109 lvalue_expression: IDENTIFER .
  124 function_expression: IDENTIFER . LEFT_PAREN argument_list RIGHT_PAREN
  125                    | IDENTIFER . LEFT_PAREN RIGHT_PAREN

    LEFT_PAREN  shift, and go to state 91

    LEFT_PAREN  [reduce using rule 109 (lvalue_expression)]
    $default    reduce using rule 109 (lvalue_expression)


state 24

  117 var_statement: VAR . assign_list

    IDENTIFER  shift, and go to state 92

    assign_list  go to state 93


state 25

  119 global_statement: GLOBAL . assign_list

    IDENTIFER  shift, and go to state 92

    assign_list  go to state 94


state 26

   80 unary_expression: LEFT_PAREN . expression RIGHT_PAREN

    INT_LTR           shift, and go to state 17
    BLN_LTR           shift, and go to state 18
    FLT_LTR           shift, and go to state 19
    STR_LTR           shift, and go to state 20
    NLL_LTR           shift, and go to state 21
    SHORTCUT_PRINTLN  shift, and go to state 22
    IDENTIFER         shift, and go to state 23
    LEFT_PAREN        shift, and go to state 26
    LEFT_QUAD         shift, and go to state 27
    ADD               shift, and go to state 28
    SUB               shift, and go to state 29
    NOT               shift, and go to state 30
    BIT_NOT           shift, and go to state 31
    INCREMENT         shift, and go to state 32
    DECREMENT         shift, and go to state 33

    expression                   go to state 95
    lvalue_operation_expression  go to state 45
    assign_expression            go to state 46
    self_operation_expression    go to state 47
    unary_expression             go to state 48
    binary_expression            go to state 49
    shortcut_expression          go to state 50
    value_expression             go to state 51
    lvalue_expression            go to state 52
    array_expression             go to state 53
    function_expression          go to state 56


state 27

  113 array_expression: LEFT_QUAD . element_list RIGHT_QUAD
  114                 | LEFT_QUAD . RIGHT_QUAD

    INT_LTR           shift, and go to state 17
    BLN_LTR           shift, and go to state 18
    FLT_LTR           shift, and go to state 19
    STR_LTR           shift, and go to state 20
    NLL_LTR           shift, and go to state 21
    SHORTCUT_PRINTLN  shift, and go to state 22
    IDENTIFER         shift, and go to state 23
    LEFT_PAREN        shift, and go to state 26
    LEFT_QUAD         shift, and go to state 27
    RIGHT_QUAD        shift, and go to state 96
    ADD               shift, and go to state 28
    SUB               shift, and go to state 29
    NOT               shift, and go to state 30
    BIT_NOT           shift, and go to state 31
    INCREMENT         shift, and go to state 32
    DECREMENT         shift, and go to state 33

    expression                   go to state 89
    lvalue_operation_expression  go to state 45
    assign_expression            go to state 46
    self_operation_expression    go to state 47
    unary_expression             go to state 48
    binary_expression            go to state 49
    shortcut_expression          go to state 50
    value_expression             go to state 51
    lvalue_expression            go to state 52
    array_expression             go to state 53
    element_list                 go to state 97
    function_expression          go to state 56


state 28

   79 unary_expression: ADD . expression

    INT_LTR           shift, and go to state 17
    BLN_LTR           shift, and go to state 18
    FLT_LTR           shift, and go to state 19
    STR_LTR           shift, and go to state 20
    NLL_LTR           shift, and go to state 21
    SHORTCUT_PRINTLN  shift, and go to state 22
    IDENTIFER         shift, and go to state 23
    LEFT_PAREN        shift, and go to state 26
    LEFT_QUAD         shift, and go to state 27
    ADD               shift, and go to state 28
    SUB               shift, and go to state 29
    NOT               shift, and go to state 30
    BIT_NOT           shift, and go to state 31
    INCREMENT         shift, and go to state 32
    DECREMENT         shift, and go to state 33

    expression                   go to state 98
    lvalue_operation_expression  go to state 45
    assign_expression            go to state 46
    self_operation_expression    go to state 47
    unary_expression             go to state 48
    binary_expression            go to state 49
    shortcut_expression          go to state 50
    value_expression             go to state 51
    lvalue_expression            go to state 52
    array_expression             go to state 53
    function_expression          go to state 56


state 29

   78 unary_expression: SUB . expression

    INT_LTR           shift, and go to state 17
    BLN_LTR           shift, and go to state 18
    FLT_LTR           shift, and go to state 19
    STR_LTR           shift, and go to state 20
    NLL_LTR           shift, and go to state 21
    SHORTCUT_PRINTLN  shift, and go to state 22
    IDENTIFER         shift, and go to state 23
    LEFT_PAREN        shift, and go to state 26
    LEFT_QUAD         shift, and go to state 27
    ADD               shift, and go to state 28
    SUB               shift, and go to state 29
    NOT               shift, and go to state 30
    BIT_NOT           shift, and go to state 31
    INCREMENT         shift, and go to state 32
    DECREMENT         shift, and go to state 33

    expression                   go to state 99
    lvalue_operation_expression  go to state 45
    assign_expression            go to state 46
    self_operation_expression    go to state 47
    unary_expression             go to state 48
    binary_expression            go to state 49
    shortcut_expression          go to state 50
    value_expression             go to state 51
    lvalue_expression            go to state 52
    array_expression             go to state 53
    function_expression          go to state 56


state 30

   81 unary_expression: NOT . expression

    INT_LTR           shift, and go to state 17
    BLN_LTR           shift, and go to state 18
    FLT_LTR           shift, and go to state 19
    STR_LTR           shift, and go to state 20
    NLL_LTR           shift, and go to state 21
    SHORTCUT_PRINTLN  shift, and go to state 22
    IDENTIFER         shift, and go to state 23
    LEFT_PAREN        shift, and go to state 26
    LEFT_QUAD         shift, and go to state 27
    ADD               shift, and go to state 28
    SUB               shift, and go to state 29
    NOT               shift, and go to state 30
    BIT_NOT           shift, and go to state 31
    INCREMENT         shift, and go to state 32
    DECREMENT         shift, and go to state 33

    expression                   go to state 100
    lvalue_operation_expression  go to state 45
    assign_expression            go to state 46
    self_operation_expression    go to state 47
    unary_expression             go to state 48
    binary_expression            go to state 49
    shortcut_expression          go to state 50
    value_expression             go to state 51
    lvalue_expression            go to state 52
    array_expression             go to state 53
    function_expression          go to state 56


state 31

   82 unary_expression: BIT_NOT . expression

    INT_LTR           shift, and go to state 17
    BLN_LTR           shift, and go to state 18
    FLT_LTR           shift, and go to state 19
    STR_LTR           shift, and go to state 20
    NLL_LTR           shift, and go to state 21
    SHORTCUT_PRINTLN  shift, and go to state 22
    IDENTIFER         shift, and go to state 23
    LEFT_PAREN        shift, and go to state 26
    LEFT_QUAD         shift, and go to state 27
    ADD               shift, and go to state 28
    SUB               shift, and go to state 29
    NOT               shift, and go to state 30
    BIT_NOT           shift, and go to state 31
    INCREMENT         shift, and go to state 32
    DECREMENT         shift, and go to state 33

    expression                   go to state 101
    lvalue_operation_expression  go to state 45
    assign_expression            go to state 46
    self_operation_expression    go to state 47
    unary_expression             go to state 48
    binary_expression            go to state 49
    shortcut_expression          go to state 50
    value_expression             go to state 51
    lvalue_expression            go to state 52
    array_expression             go to state 53
    function_expression          go to state 56


state 32

   74 self_operation_expression: INCREMENT . lvalue_expression

    IDENTIFER  shift, and go to state 102

    lvalue_expression  go to state 103


state 33

   75 self_operation_expression: DECREMENT . lvalue_expression

    IDENTIFER  shift, and go to state 102

    lvalue_expression  go to state 104


state 34

  159 for_statement: FOR . single_statement_no_semicolon SEMICOLON expression_statement SEMICOLON single_statement_no_semicolon
  160              | FOR . single_statement_no_semicolon COLON expression_statement COLON single_statement_no_semicolon

    INT_LTR           shift, and go to state 17
    BLN_LTR           shift, and go to state 18
    FLT_LTR           shift, and go to state 19
    STR_LTR           shift, and go to state 20
    NLL_LTR           shift, and go to state 21
    SHORTCUT_PRINTLN  shift, and go to state 22
    IDENTIFER         shift, and go to state 23
    LEFT_PAREN        shift, and go to state 26
    LEFT_QUAD         shift, and go to state 27
    ADD               shift, and go to state 28
    SUB               shift, and go to state 29
    NOT               shift, and go to state 30
    BIT_NOT           shift, and go to state 31
    INCREMENT         shift, and go to state 32
    DECREMENT         shift, and go to state 33
    IF                shift, and go to state 67
    FOR               shift, and go to state 34
    WHILE             shift, and go to state 35
    DO                shift, and go to state 105

    $default  reduce using rule 53 (null_statement)

    single_statement_no_semicolon  go to state 106
    null_statement                 go to state 107
    expression_statement           go to state 108
    expression                     go to state 44
    lvalue_operation_expression    go to state 45
    assign_expression              go to state 46
    self_operation_expression      go to state 47
    unary_expression               go to state 48
    binary_expression              go to state 49
    shortcut_expression            go to state 50
    value_expression               go to state 51
    lvalue_expression              go to state 52
    array_expression               go to state 53
    function_expression            go to state 56
    if_statement                   go to state 109
    for_statement                  go to state 110
    while_statement                go to state 111
    do_while_statement             go to state 112


state 35

  161 while_statement: WHILE . expression
  162                | WHILE .

    INT_LTR           shift, and go to state 17
    BLN_LTR           shift, and go to state 18
    FLT_LTR           shift, and go to state 19
    STR_LTR           shift, and go to state 20
    NLL_LTR           shift, and go to state 21
    SHORTCUT_PRINTLN  shift, and go to state 22
    IDENTIFER         shift, and go to state 23
    LEFT_PAREN        shift, and go to state 26
    LEFT_QUAD         shift, and go to state 27
    ADD               shift, and go to state 28
    SUB               shift, and go to state 29
    NOT               shift, and go to state 30
    BIT_NOT           shift, and go to state 31
    INCREMENT         shift, and go to state 32
    DECREMENT         shift, and go to state 33

    INT_LTR           [reduce using rule 162 (while_statement)]
    BLN_LTR           [reduce using rule 162 (while_statement)]
    FLT_LTR           [reduce using rule 162 (while_statement)]
    STR_LTR           [reduce using rule 162 (while_statement)]
    NLL_LTR           [reduce using rule 162 (while_statement)]
    SHORTCUT_PRINTLN  [reduce using rule 162 (while_statement)]
    IDENTIFER         [reduce using rule 162 (while_statement)]
    LEFT_PAREN        [reduce using rule 162 (while_statement)]
    LEFT_QUAD         [reduce using rule 162 (while_statement)]
    ADD               [reduce using rule 162 (while_statement)]
    SUB               [reduce using rule 162 (while_statement)]
    NOT               [reduce using rule 162 (while_statement)]
    BIT_NOT           [reduce using rule 162 (while_statement)]
    INCREMENT         [reduce using rule 162 (while_statement)]
    DECREMENT         [reduce using rule 162 (while_statement)]
    $default          reduce using rule 162 (while_statement)

    expression                   go to state 113
    lvalue_operation_expression  go to state 45
    assign_expression            go to state 46
    self_operation_expression    go to state 47
    unary_expression             go to state 48
    binary_expression            go to state 49
    shortcut_expression          go to state 50
    value_expression             go to state 51
    lvalue_expression            go to state 52
    array_expression             go to state 53
    function_expression          go to state 56


state 36

  166 continue_statement: CONTINUE .
  167                   | CONTINUE . LEFT_PAREN expression RIGHT_PAREN

    LEFT_PAREN  shift, and go to state 114

    LEFT_PAREN  [reduce using rule 166 (continue_statement)]
    $default    reduce using rule 166 (continue_statement)


state 37

  164 break_statement: BREAK .
  165                | BREAK . LEFT_PAREN expression RIGHT_PAREN

    LEFT_PAREN  shift, and go to state 115

    LEFT_PAREN  [reduce using rule 164 (break_statement)]
    $default    reduce using rule 164 (break_statement)


state 38

  170 function_statement: FUNC . IDENTIFER LEFT_PAREN parameter_list RIGHT_PAREN
  171                   | FUNC . IDENTIFER LEFT_PAREN RIGHT_PAREN

    IDENTIFER  shift, and go to state 116


state 39

  175 return_statement: RETURN .
  176                 | RETURN . expression

    INT_LTR           shift, and go to state 17
    BLN_LTR           shift, and go to state 18
    FLT_LTR           shift, and go to state 19
    STR_LTR           shift, and go to state 20
    NLL_LTR           shift, and go to state 21
    SHORTCUT_PRINTLN  shift, and go to state 22
    IDENTIFER         shift, and go to state 23
    LEFT_PAREN        shift, and go to state 26
    LEFT_QUAD         shift, and go to state 27
    ADD               shift, and go to state 28
    SUB               shift, and go to state 29
    NOT               shift, and go to state 30
    BIT_NOT           shift, and go to state 31
    INCREMENT         shift, and go to state 32
    DECREMENT         shift, and go to state 33

    INT_LTR           [reduce using rule 175 (return_statement)]
    BLN_LTR           [reduce using rule 175 (return_statement)]
    FLT_LTR           [reduce using rule 175 (return_statement)]
    STR_LTR           [reduce using rule 175 (return_statement)]
    NLL_LTR           [reduce using rule 175 (return_statement)]
    SHORTCUT_PRINTLN  [reduce using rule 175 (return_statement)]
    IDENTIFER         [reduce using rule 175 (return_statement)]
    LEFT_PAREN        [reduce using rule 175 (return_statement)]
    LEFT_QUAD         [reduce using rule 175 (return_statement)]
    ADD               [reduce using rule 175 (return_statement)]
    SUB               [reduce using rule 175 (return_statement)]
    NOT               [reduce using rule 175 (return_statement)]
    BIT_NOT           [reduce using rule 175 (return_statement)]
    INCREMENT         [reduce using rule 175 (return_statement)]
    DECREMENT         [reduce using rule 175 (return_statement)]
    $default          reduce using rule 175 (return_statement)

    expression                   go to state 117
    lvalue_operation_expression  go to state 45
    assign_expression            go to state 46
    self_operation_expression    go to state 47
    unary_expression             go to state 48
    binary_expression            go to state 49
    shortcut_expression          go to state 50
    value_expression             go to state 51
    lvalue_expression            go to state 52
    array_expression             go to state 53
    function_expression          go to state 56


state 40

    4 statement: statement NOINDENT monostatement . enclose_statement_stack build_single_statement_stack execute_single_statement LF

    $default  reduce using rule 15 (enclose_statement_stack)

    enclose_statement_stack  go to state 118


state 41

    5 statement: statement NOINDENT foldable_statement . build_statement_stack LF

    $default  reduce using rule 16 (build_statement_stack)

    build_statement_stack  go to state 119


state 42

   25 monostatement: nop_statement .

    $default  reduce using rule 25 (monostatement)


state 43

   21 monostatement: expression_statement .

    $default  reduce using rule 21 (monostatement)


state 44

   59 expression_statement: expression .
   83 binary_expression: expression . ADD expression
   84                  | expression . SUB expression
   85                  | expression . MUL expression
   86                  | expression . DIV expression
   87                  | expression . MOD expression
   88                  | expression . AND expression
   89                  | expression . OR expression
   90                  | expression . XOR expression
   91                  | expression . EQ expression
   92                  | expression . NE expression
   93                  | expression . GT expression
   94                  | expression . GE expression
   95                  | expression . LT expression
   96                  | expression . LE expression
   97                  | expression . BIT_AND expression
   98                  | expression . BIT_OR expression
   99                  | expression . BIT_XOR expression
  100                  | expression . QM expression COLON expression

    ADD      shift, and go to state 120
    SUB      shift, and go to state 121
    MUL      shift, and go to state 122
    DIV      shift, and go to state 123
    MOD      shift, and go to state 124
    EQ       shift, and go to state 125
    NE       shift, and go to state 126
    GT       shift, and go to state 127
    GE       shift, and go to state 128
    LT       shift, and go to state 129
    LE       shift, and go to state 130
    AND      shift, and go to state 131
    OR       shift, and go to state 132
    XOR      shift, and go to state 133
    BIT_AND  shift, and go to state 134
    BIT_OR   shift, and go to state 135
    BIT_XOR  shift, and go to state 136
    QM       shift, and go to state 137

    ADD       [reduce using rule 59 (expression_statement)]
    SUB       [reduce using rule 59 (expression_statement)]
    $default  reduce using rule 59 (expression_statement)


state 45

   61 expression: lvalue_operation_expression .

    $default  reduce using rule 61 (expression)


state 46

   66 lvalue_operation_expression: assign_expression .

    $default  reduce using rule 66 (lvalue_operation_expression)


state 47

   67 lvalue_operation_expression: self_operation_expression .

    $default  reduce using rule 67 (lvalue_operation_expression)


state 48

   62 expression: unary_expression .

    $default  reduce using rule 62 (expression)


state 49

   63 expression: binary_expression .

    $default  reduce using rule 63 (expression)


state 50

   65 expression: shortcut_expression .

    $default  reduce using rule 65 (expression)


state 51

   60 expression: value_expression .

    $default  reduce using rule 60 (expression)


state 52

   68 assign_expression: lvalue_expression . ASSIGN expression
   69                  | lvalue_expression . ADD_ASSIGN expression
   70                  | lvalue_expression . SUB_ASSIGN expression
   71                  | lvalue_expression . MUL_ASSIGN expression
   72                  | lvalue_expression . DIV_ASSIGN expression
   73                  | lvalue_expression . MOD_ASSIGN expression
   76 self_operation_expression: lvalue_expression . INCREMENT
   77                          | lvalue_expression . DECREMENT
  108 value_expression: lvalue_expression .
  110 lvalue_expression: lvalue_expression . DOT IDENTIFER
  111                  | lvalue_expression . evaluate_list
  112                  | lvalue_expression . DOT function_expression

    DOT         shift, and go to state 138
    ASSIGN      shift, and go to state 139
    ADD_ASSIGN  shift, and go to state 140
    SUB_ASSIGN  shift, and go to state 141
    MUL_ASSIGN  shift, and go to state 142
    DIV_ASSIGN  shift, and go to state 143
    MOD_ASSIGN  shift, and go to state 144
    LEFT_QUAD   shift, and go to state 145
    INCREMENT   shift, and go to state 146
    DECREMENT   shift, and go to state 147

    LEFT_QUAD  [reduce using rule 108 (value_expression)]
    INCREMENT  [reduce using rule 108 (value_expression)]
    DECREMENT  [reduce using rule 108 (value_expression)]
    $default   reduce using rule 108 (value_expression)

    evaluate_list  go to state 148


state 53

   64 expression: array_expression .

    $default  reduce using rule 64 (expression)


state 54

   26 monostatement: var_statement .

    $default  reduce using rule 26 (monostatement)


state 55

   27 monostatement: global_statement .

    $default  reduce using rule 27 (monostatement)


state 56

  107 value_expression: function_expression .

    $default  reduce using rule 107 (value_expression)


state 57

   29 foldable_statement: for_statement .

    $default  reduce using rule 29 (foldable_statement)


state 58

   31 foldable_statement: while_statement .

    $default  reduce using rule 31 (foldable_statement)


state 59

   22 monostatement: break_statement .

    $default  reduce using rule 22 (monostatement)


state 60

   23 monostatement: continue_statement .

    $default  reduce using rule 23 (monostatement)


state 61

   28 foldable_statement: function_statement .

    $default  reduce using rule 28 (foldable_statement)


state 62

   30 foldable_statement: class_statement .

    $default  reduce using rule 30 (foldable_statement)


state 63

   24 monostatement: return_statement .

    $default  reduce using rule 24 (monostatement)


state 64

   10 statement: statement LF close_execute_statement .

    $default  reduce using rule 10 (statement)


state 65

   11 statement: statement END_FILE close_execute_last_statement .

    $default  reduce using rule 11 (statement)


state 66

   46 single_statement: error .

    $default  reduce using rule 46 (single_statement)


state 67

  156 if_statement: IF . expression

    INT_LTR           shift, and go to state 17
    BLN_LTR           shift, and go to state 18
    FLT_LTR           shift, and go to state 19
    STR_LTR           shift, and go to state 20
    NLL_LTR           shift, and go to state 21
    SHORTCUT_PRINTLN  shift, and go to state 22
    IDENTIFER         shift, and go to state 23
    LEFT_PAREN        shift, and go to state 26
    LEFT_QUAD         shift, and go to state 27
    ADD               shift, and go to state 28
    SUB               shift, and go to state 29
    NOT               shift, and go to state 30
    BIT_NOT           shift, and go to state 31
    INCREMENT         shift, and go to state 32
    DECREMENT         shift, and go to state 33

    expression                   go to state 149
    lvalue_operation_expression  go to state 45
    assign_expression            go to state 46
    self_operation_expression    go to state 47
    unary_expression             go to state 48
    binary_expression            go to state 49
    shortcut_expression          go to state 50
    value_expression             go to state 51
    lvalue_expression            go to state 52
    array_expression             go to state 53
    function_expression          go to state 56


state 68

  158 elif_statement: ELIF . expression

    INT_LTR           shift, and go to state 17
    BLN_LTR           shift, and go to state 18
    FLT_LTR           shift, and go to state 19
    STR_LTR           shift, and go to state 20
    NLL_LTR           shift, and go to state 21
    SHORTCUT_PRINTLN  shift, and go to state 22
    IDENTIFER         shift, and go to state 23
    LEFT_PAREN        shift, and go to state 26
    LEFT_QUAD         shift, and go to state 27
    ADD               shift, and go to state 28
    SUB               shift, and go to state 29
    NOT               shift, and go to state 30
    BIT_NOT           shift, and go to state 31
    INCREMENT         shift, and go to state 32
    DECREMENT         shift, and go to state 33

    expression                   go to state 150
    lvalue_operation_expression  go to state 45
    assign_expression            go to state 46
    self_operation_expression    go to state 47
    unary_expression             go to state 48
    binary_expression            go to state 49
    shortcut_expression          go to state 50
    value_expression             go to state 51
    lvalue_expression            go to state 52
    array_expression             go to state 53
    function_expression          go to state 56


state 69

  157 else_statement: ELSE .

    $default  reduce using rule 157 (else_statement)


state 70

    6 statement: statement INDENT single_statement . LF check_indent build_statement_stack
    9          | statement INDENT single_statement . LF check_indent build_statement_stack

    LF  shift, and go to state 151


state 71

   42 single_statement: nop_statement .

    $default  reduce using rule 42 (single_statement)


state 72

   32 single_statement: expression_statement .

    $default  reduce using rule 32 (single_statement)


state 73

   43 single_statement: var_statement .

    $default  reduce using rule 43 (single_statement)


state 74

   44 single_statement: global_statement .

    $default  reduce using rule 44 (single_statement)


state 75

   33 single_statement: if_statement .

    $default  reduce using rule 33 (single_statement)


state 76

   34 single_statement: else_statement .

    $default  reduce using rule 34 (single_statement)


state 77

   35 single_statement: elif_statement .

    $default  reduce using rule 35 (single_statement)


state 78

   36 single_statement: for_statement .

    $default  reduce using rule 36 (single_statement)


state 79

   37 single_statement: while_statement .

    $default  reduce using rule 37 (single_statement)


state 80

   38 single_statement: break_statement .

    $default  reduce using rule 38 (single_statement)


state 81

   39 single_statement: continue_statement .

    $default  reduce using rule 39 (single_statement)


state 82

   41 single_statement: function_statement .

    $default  reduce using rule 41 (single_statement)


state 83

   45 single_statement: class_statement .

    $default  reduce using rule 45 (single_statement)


state 84

   40 single_statement: return_statement .

    $default  reduce using rule 40 (single_statement)


state 85

    8 statement: statement close_execute_last_statement @1 . single_statement LF check_indent build_statement_stack execute_single_statement

    error             shift, and go to state 66
    NOP               shift, and go to state 14
    CLASS             shift, and go to state 15
    SHARED            shift, and go to state 16
    INT_LTR           shift, and go to state 17
    BLN_LTR           shift, and go to state 18
    FLT_LTR           shift, and go to state 19
    STR_LTR           shift, and go to state 20
    NLL_LTR           shift, and go to state 21
    SHORTCUT_PRINTLN  shift, and go to state 22
    IDENTIFER         shift, and go to state 23
    VAR               shift, and go to state 24
    GLOBAL            shift, and go to state 25
    LEFT_PAREN        shift, and go to state 26
    LEFT_QUAD         shift, and go to state 27
    ADD               shift, and go to state 28
    SUB               shift, and go to state 29
    NOT               shift, and go to state 30
    BIT_NOT           shift, and go to state 31
    INCREMENT         shift, and go to state 32
    DECREMENT         shift, and go to state 33
    IF                shift, and go to state 67
    ELIF              shift, and go to state 68
    ELSE              shift, and go to state 69
    FOR               shift, and go to state 34
    WHILE             shift, and go to state 35
    CONTINUE          shift, and go to state 36
    BREAK             shift, and go to state 37
    FUNC              shift, and go to state 38
    RETURN            shift, and go to state 39

    single_statement             go to state 152
    nop_statement                go to state 71
    expression_statement         go to state 72
    expression                   go to state 44
    lvalue_operation_expression  go to state 45
    assign_expression            go to state 46
    self_operation_expression    go to state 47
    unary_expression             go to state 48
    binary_expression            go to state 49
    shortcut_expression          go to state 50
    value_expression             go to state 51
    lvalue_expression            go to state 52
    array_expression             go to state 53
    var_statement                go to state 73
    global_statement             go to state 74
    function_expression          go to state 56
    if_statement                 go to state 75
    else_statement               go to state 76
    elif_statement               go to state 77
    for_statement                go to state 78
    while_statement              go to state 79
    break_statement              go to state 80
    continue_statement           go to state 81
    function_statement           go to state 82
    class_statement              go to state 83
    return_statement             go to state 84


state 86

  174 class_statement: CLASS IDENTIFER .

    $default  reduce using rule 174 (class_statement)


state 87

  118 var_statement: SHARED VAR . assign_list

    IDENTIFER  shift, and go to state 92

    assign_list  go to state 153


state 88

  172 function_statement: SHARED FUNC . IDENTIFER LEFT_PAREN parameter_list RIGHT_PAREN
  173                   | SHARED FUNC . IDENTIFER LEFT_PAREN RIGHT_PAREN

    IDENTIFER  shift, and go to state 154


state 89

   83 binary_expression: expression . ADD expression
   84                  | expression . SUB expression
   85                  | expression . MUL expression
   86                  | expression . DIV expression
   87                  | expression . MOD expression
   88                  | expression . AND expression
   89                  | expression . OR expression
   90                  | expression . XOR expression
   91                  | expression . EQ expression
   92                  | expression . NE expression
   93                  | expression . GT expression
   94                  | expression . GE expression
   95                  | expression . LT expression
   96                  | expression . LE expression
   97                  | expression . BIT_AND expression
   98                  | expression . BIT_OR expression
   99                  | expression . BIT_XOR expression
  100                  | expression . QM expression COLON expression
  115 element_list: expression .

    ADD      shift, and go to state 120
    SUB      shift, and go to state 121
    MUL      shift, and go to state 122
    DIV      shift, and go to state 123
    MOD      shift, and go to state 124
    EQ       shift, and go to state 125
    NE       shift, and go to state 126
    GT       shift, and go to state 127
    GE       shift, and go to state 128
    LT       shift, and go to state 129
    LE       shift, and go to state 130
    AND      shift, and go to state 131
    OR       shift, and go to state 132
    XOR      shift, and go to state 133
    BIT_AND  shift, and go to state 134
    BIT_OR   shift, and go to state 135
    BIT_XOR  shift, and go to state 136
    QM       shift, and go to state 137

    ADD       [reduce using rule 115 (element_list)]
    SUB       [reduce using rule 115 (element_list)]
    MUL       [reduce using rule 115 (element_list)]
    DIV       [reduce using rule 115 (element_list)]
    MOD       [reduce using rule 115 (element_list)]
    EQ        [reduce using rule 115 (element_list)]
    NE        [reduce using rule 115 (element_list)]
    GT        [reduce using rule 115 (element_list)]
    GE        [reduce using rule 115 (element_list)]
    LT        [reduce using rule 115 (element_list)]
    LE        [reduce using rule 115 (element_list)]
    AND       [reduce using rule 115 (element_list)]
    OR        [reduce using rule 115 (element_list)]
    XOR       [reduce using rule 115 (element_list)]
    BIT_AND   [reduce using rule 115 (element_list)]
    BIT_OR    [reduce using rule 115 (element_list)]
    BIT_XOR   [reduce using rule 115 (element_list)]
    QM        [reduce using rule 115 (element_list)]
    $default  reduce using rule 115 (element_list)


state 90

  101 shortcut_expression: SHORTCUT_PRINTLN element_list .
  116 element_list: element_list . COMMA expression

    COMMA  shift, and go to state 155

    COMMA     [reduce using rule 101 (shortcut_expression)]
    $default  reduce using rule 101 (shortcut_expression)


state 91

  124 function_expression: IDENTIFER LEFT_PAREN . argument_list RIGHT_PAREN
  125                    | IDENTIFER LEFT_PAREN . RIGHT_PAREN

    INT_LTR           shift, and go to state 17
    BLN_LTR           shift, and go to state 18
    FLT_LTR           shift, and go to state 19
    STR_LTR           shift, and go to state 20
    NLL_LTR           shift, and go to state 21
    SHORTCUT_PRINTLN  shift, and go to state 22
    IDENTIFER         shift, and go to state 156
    LEFT_PAREN        shift, and go to state 26
    RIGHT_PAREN       shift, and go to state 157
    LEFT_QUAD         shift, and go to state 27
    ADD               shift, and go to state 28
    SUB               shift, and go to state 29
    NOT               shift, and go to state 30
    BIT_NOT           shift, and go to state 31
    INCREMENT         shift, and go to state 32
    DECREMENT         shift, and go to state 33

    expression                   go to state 158
    lvalue_operation_expression  go to state 45
    assign_expression            go to state 46
    self_operation_expression    go to state 47
    unary_expression             go to state 48
    binary_expression            go to state 49
    shortcut_expression          go to state 50
    value_expression             go to state 51
    lvalue_expression            go to state 52
    array_expression             go to state 53
    function_expression          go to state 56
    argument_list                go to state 159


state 92

  120 assign_list: IDENTIFER .
  121            | IDENTIFER . ASSIGN expression

    ASSIGN  shift, and go to state 160

    $default  reduce using rule 120 (assign_list)


state 93

  117 var_statement: VAR assign_list .
  122 assign_list: assign_list . COMMA IDENTIFER
  123            | assign_list . COMMA IDENTIFER ASSIGN expression

    COMMA  shift, and go to state 161

    $default  reduce using rule 117 (var_statement)


state 94

  119 global_statement: GLOBAL assign_list .
  122 assign_list: assign_list . COMMA IDENTIFER
  123            | assign_list . COMMA IDENTIFER ASSIGN expression

    COMMA  shift, and go to state 161

    $default  reduce using rule 119 (global_statement)


state 95

   80 unary_expression: LEFT_PAREN expression . RIGHT_PAREN
   83 binary_expression: expression . ADD expression
   84                  | expression . SUB expression
   85                  | expression . MUL expression
   86                  | expression . DIV expression
   87                  | expression . MOD expression
   88                  | expression . AND expression
   89                  | expression . OR expression
   90                  | expression . XOR expression
   91                  | expression . EQ expression
   92                  | expression . NE expression
   93                  | expression . GT expression
   94                  | expression . GE expression
   95                  | expression . LT expression
   96                  | expression . LE expression
   97                  | expression . BIT_AND expression
   98                  | expression . BIT_OR expression
   99                  | expression . BIT_XOR expression
  100                  | expression . QM expression COLON expression

    RIGHT_PAREN  shift, and go to state 162
    ADD          shift, and go to state 120
    SUB          shift, and go to state 121
    MUL          shift, and go to state 122
    DIV          shift, and go to state 123
    MOD          shift, and go to state 124
    EQ           shift, and go to state 125
    NE           shift, and go to state 126
    GT           shift, and go to state 127
    GE           shift, and go to state 128
    LT           shift, and go to state 129
    LE           shift, and go to state 130
    AND          shift, and go to state 131
    OR           shift, and go to state 132
    XOR          shift, and go to state 133
    BIT_AND      shift, and go to state 134
    BIT_OR       shift, and go to state 135
    BIT_XOR      shift, and go to state 136
    QM           shift, and go to state 137


state 96

  114 array_expression: LEFT_QUAD RIGHT_QUAD .

    $default  reduce using rule 114 (array_expression)


state 97

  113 array_expression: LEFT_QUAD element_list . RIGHT_QUAD
  116 element_list: element_list . COMMA expression

    RIGHT_QUAD  shift, and go to state 163
    COMMA       shift, and go to state 155


state 98

   79 unary_expression: ADD expression .
   83 binary_expression: expression . ADD expression
   84                  | expression . SUB expression
   85                  | expression . MUL expression
   86                  | expression . DIV expression
   87                  | expression . MOD expression
   88                  | expression . AND expression
   89                  | expression . OR expression
   90                  | expression . XOR expression
   91                  | expression . EQ expression
   92                  | expression . NE expression
   93                  | expression . GT expression
   94                  | expression . GE expression
   95                  | expression . LT expression
   96                  | expression . LE expression
   97                  | expression . BIT_AND expression
   98                  | expression . BIT_OR expression
   99                  | expression . BIT_XOR expression
  100                  | expression . QM expression COLON expression

    XOR  shift, and go to state 133
    QM   shift, and go to state 137

    XOR       [reduce using rule 79 (unary_expression)]
    $default  reduce using rule 79 (unary_expression)


state 99

   78 unary_expression: SUB expression .
   83 binary_expression: expression . ADD expression
   84                  | expression . SUB expression
   85                  | expression . MUL expression
   86                  | expression . DIV expression
   87                  | expression . MOD expression
   88                  | expression . AND expression
   89                  | expression . OR expression
   90                  | expression . XOR expression
   91                  | expression . EQ expression
   92                  | expression . NE expression
   93                  | expression . GT expression
   94                  | expression . GE expression
   95                  | expression . LT expression
   96                  | expression . LE expression
   97                  | expression . BIT_AND expression
   98                  | expression . BIT_OR expression
   99                  | expression . BIT_XOR expression
  100                  | expression . QM expression COLON expression

    XOR  shift, and go to state 133
    QM   shift, and go to state 137

    XOR       [reduce using rule 78 (unary_expression)]
    $default  reduce using rule 78 (unary_expression)


state 100

   81 unary_expression: NOT expression .
   83 binary_expression: expression . ADD expression
   84                  | expression . SUB expression
   85                  | expression . MUL expression
   86                  | expression . DIV expression
   87                  | expression . MOD expression
   88                  | expression . AND expression
   89                  | expression . OR expression
   90                  | expression . XOR expression
   91                  | expression . EQ expression
   92                  | expression . NE expression
   93                  | expression . GT expression
   94                  | expression . GE expression
   95                  | expression . LT expression
   96                  | expression . LE expression
   97                  | expression . BIT_AND expression
   98                  | expression . BIT_OR expression
   99                  | expression . BIT_XOR expression
  100                  | expression . QM expression COLON expression

    XOR  shift, and go to state 133
    QM   shift, and go to state 137

    XOR       [reduce using rule 81 (unary_expression)]
    $default  reduce using rule 81 (unary_expression)


state 101

   82 unary_expression: BIT_NOT expression .
   83 binary_expression: expression . ADD expression
   84                  | expression . SUB expression
   85                  | expression . MUL expression
   86                  | expression . DIV expression
   87                  | expression . MOD expression
   88                  | expression . AND expression
   89                  | expression . OR expression
   90                  | expression . XOR expression
   91                  | expression . EQ expression
   92                  | expression . NE expression
   93                  | expression . GT expression
   94                  | expression . GE expression
   95                  | expression . LT expression
   96                  | expression . LE expression
   97                  | expression . BIT_AND expression
   98                  | expression . BIT_OR expression
   99                  | expression . BIT_XOR expression
  100                  | expression . QM expression COLON expression

    XOR  shift, and go to state 133
    QM   shift, and go to state 137

    XOR       [reduce using rule 82 (unary_expression)]
    $default  reduce using rule 82 (unary_expression)


state 102

  109 lvalue_expression: IDENTIFER .

    $default  reduce using rule 109 (lvalue_expression)


state 103

   74 self_operation_expression: INCREMENT lvalue_expression .
  110 lvalue_expression: lvalue_expression . DOT IDENTIFER
  111                  | lvalue_expression . evaluate_list
  112                  | lvalue_expression . DOT function_expression

    DOT        shift, and go to state 138
    LEFT_QUAD  shift, and go to state 145

    LEFT_QUAD  [reduce using rule 74 (self_operation_expression)]
    $default   reduce using rule 74 (self_operation_expression)

    evaluate_list  go to state 148


state 104

   75 self_operation_expression: DECREMENT lvalue_expression .
  110 lvalue_expression: lvalue_expression . DOT IDENTIFER
  111                  | lvalue_expression . evaluate_list
  112                  | lvalue_expression . DOT function_expression

    DOT        shift, and go to state 138
    LEFT_QUAD  shift, and go to state 145

    LEFT_QUAD  [reduce using rule 75 (self_operation_expression)]
    $default   reduce using rule 75 (self_operation_expression)

    evaluate_list  go to state 148


state 105

  163 do_while_statement: DO . structure_statement WHILE LEFT_PAREN expression_statement RIGHT_PAREN SEMICOLON

    error             shift, and go to state 66
    NOP               shift, and go to state 14
    CLASS             shift, and go to state 15
    SHARED            shift, and go to state 16
    INT_LTR           shift, and go to state 17
    BLN_LTR           shift, and go to state 18
    FLT_LTR           shift, and go to state 19
    STR_LTR           shift, and go to state 20
    NLL_LTR           shift, and go to state 21
    SHORTCUT_PRINTLN  shift, and go to state 22
    IDENTIFER         shift, and go to state 23
    VAR               shift, and go to state 24
    GLOBAL            shift, and go to state 25
    LEFT_PAREN        shift, and go to state 26
    LEFT_QUAD         shift, and go to state 27
    LEFT_BRACE        shift, and go to state 164
    ADD               shift, and go to state 28
    SUB               shift, and go to state 29
    NOT               shift, and go to state 30
    BIT_NOT           shift, and go to state 31
    INCREMENT         shift, and go to state 32
    DECREMENT         shift, and go to state 33
    IF                shift, and go to state 67
    ELIF              shift, and go to state 68
    ELSE              shift, and go to state 69
    FOR               shift, and go to state 34
    WHILE             shift, and go to state 35
    CONTINUE          shift, and go to state 36
    BREAK             shift, and go to state 37
    FUNC              shift, and go to state 38
    RETURN            shift, and go to state 39

    single_statement             go to state 165
    nop_statement                go to state 71
    statement_block              go to state 166
    expression_statement         go to state 72
    expression                   go to state 44
    lvalue_operation_expression  go to state 45
    assign_expression            go to state 46
    self_operation_expression    go to state 47
    unary_expression             go to state 48
    binary_expression            go to state 49
    shortcut_expression          go to state 50
    value_expression             go to state 51
    lvalue_expression            go to state 52
    array_expression             go to state 53
    var_statement                go to state 73
    global_statement             go to state 74
    function_expression          go to state 56
    if_statement                 go to state 75
    else_statement               go to state 76
    elif_statement               go to state 77
    for_statement                go to state 78
    while_statement              go to state 79
    break_statement              go to state 80
    continue_statement           go to state 81
    structure_statement          go to state 167
    function_statement           go to state 82
    class_statement              go to state 83
    return_statement             go to state 84


state 106

  159 for_statement: FOR single_statement_no_semicolon . SEMICOLON expression_statement SEMICOLON single_statement_no_semicolon
  160              | FOR single_statement_no_semicolon . COLON expression_statement COLON single_statement_no_semicolon

    SEMICOLON  shift, and go to state 168
    COLON      shift, and go to state 169


state 107

   52 single_statement_no_semicolon: null_statement .

    $default  reduce using rule 52 (single_statement_no_semicolon)


state 108

   47 single_statement_no_semicolon: expression_statement .

    $default  reduce using rule 47 (single_statement_no_semicolon)


state 109

   48 single_statement_no_semicolon: if_statement .

    $default  reduce using rule 48 (single_statement_no_semicolon)


state 110

   49 single_statement_no_semicolon: for_statement .

    $default  reduce using rule 49 (single_statement_no_semicolon)


state 111

   50 single_statement_no_semicolon: while_statement .

    $default  reduce using rule 50 (single_statement_no_semicolon)


state 112

   51 single_statement_no_semicolon: do_while_statement .

    $default  reduce using rule 51 (single_statement_no_semicolon)


state 113

   83 binary_expression: expression . ADD expression
   84                  | expression . SUB expression
   85                  | expression . MUL expression
   86                  | expression . DIV expression
   87                  | expression . MOD expression
   88                  | expression . AND expression
   89                  | expression . OR expression
   90                  | expression . XOR expression
   91                  | expression . EQ expression
   92                  | expression . NE expression
   93                  | expression . GT expression
   94                  | expression . GE expression
   95                  | expression . LT expression
   96                  | expression . LE expression
   97                  | expression . BIT_AND expression
   98                  | expression . BIT_OR expression
   99                  | expression . BIT_XOR expression
  100                  | expression . QM expression COLON expression
  161 while_statement: WHILE expression .

    ADD      shift, and go to state 120
    SUB      shift, and go to state 121
    MUL      shift, and go to state 122
    DIV      shift, and go to state 123
    MOD      shift, and go to state 124
    EQ       shift, and go to state 125
    NE       shift, and go to state 126
    GT       shift, and go to state 127
    GE       shift, and go to state 128
    LT       shift, and go to state 129
    LE       shift, and go to state 130
    AND      shift, and go to state 131
    OR       shift, and go to state 132
    XOR      shift, and go to state 133
    BIT_AND  shift, and go to state 134
    BIT_OR   shift, and go to state 135
    BIT_XOR  shift, and go to state 136
    QM       shift, and go to state 137

    ADD       [reduce using rule 161 (while_statement)]
    SUB       [reduce using rule 161 (while_statement)]
    $default  reduce using rule 161 (while_statement)


state 114

  167 continue_statement: CONTINUE LEFT_PAREN . expression RIGHT_PAREN

    INT_LTR           shift, and go to state 17
    BLN_LTR           shift, and go to state 18
    FLT_LTR           shift, and go to state 19
    STR_LTR           shift, and go to state 20
    NLL_LTR           shift, and go to state 21
    SHORTCUT_PRINTLN  shift, and go to state 22
    IDENTIFER         shift, and go to state 23
    LEFT_PAREN        shift, and go to state 26
    LEFT_QUAD         shift, and go to state 27
    ADD               shift, and go to state 28
    SUB               shift, and go to state 29
    NOT               shift, and go to state 30
    BIT_NOT           shift, and go to state 31
    INCREMENT         shift, and go to state 32
    DECREMENT         shift, and go to state 33

    expression                   go to state 170
    lvalue_operation_expression  go to state 45
    assign_expression            go to state 46
    self_operation_expression    go to state 47
    unary_expression             go to state 48
    binary_expression            go to state 49
    shortcut_expression          go to state 50
    value_expression             go to state 51
    lvalue_expression            go to state 52
    array_expression             go to state 53
    function_expression          go to state 56


state 115

  165 break_statement: BREAK LEFT_PAREN . expression RIGHT_PAREN

    INT_LTR           shift, and go to state 17
    BLN_LTR           shift, and go to state 18
    FLT_LTR           shift, and go to state 19
    STR_LTR           shift, and go to state 20
    NLL_LTR           shift, and go to state 21
    SHORTCUT_PRINTLN  shift, and go to state 22
    IDENTIFER         shift, and go to state 23
    LEFT_PAREN        shift, and go to state 26
    LEFT_QUAD         shift, and go to state 27
    ADD               shift, and go to state 28
    SUB               shift, and go to state 29
    NOT               shift, and go to state 30
    BIT_NOT           shift, and go to state 31
    INCREMENT         shift, and go to state 32
    DECREMENT         shift, and go to state 33

    expression                   go to state 171
    lvalue_operation_expression  go to state 45
    assign_expression            go to state 46
    self_operation_expression    go to state 47
    unary_expression             go to state 48
    binary_expression            go to state 49
    shortcut_expression          go to state 50
    value_expression             go to state 51
    lvalue_expression            go to state 52
    array_expression             go to state 53
    function_expression          go to state 56


state 116

  170 function_statement: FUNC IDENTIFER . LEFT_PAREN parameter_list RIGHT_PAREN
  171                   | FUNC IDENTIFER . LEFT_PAREN RIGHT_PAREN

    LEFT_PAREN  shift, and go to state 172


state 117

   83 binary_expression: expression . ADD expression
   84                  | expression . SUB expression
   85                  | expression . MUL expression
   86                  | expression . DIV expression
   87                  | expression . MOD expression
   88                  | expression . AND expression
   89                  | expression . OR expression
   90                  | expression . XOR expression
   91                  | expression . EQ expression
   92                  | expression . NE expression
   93                  | expression . GT expression
   94                  | expression . GE expression
   95                  | expression . LT expression
   96                  | expression . LE expression
   97                  | expression . BIT_AND expression
   98                  | expression . BIT_OR expression
   99                  | expression . BIT_XOR expression
  100                  | expression . QM expression COLON expression
  176 return_statement: RETURN expression .

    ADD      shift, and go to state 120
    SUB      shift, and go to state 121
    MUL      shift, and go to state 122
    DIV      shift, and go to state 123
    MOD      shift, and go to state 124
    EQ       shift, and go to state 125
    NE       shift, and go to state 126
    GT       shift, and go to state 127
    GE       shift, and go to state 128
    LT       shift, and go to state 129
    LE       shift, and go to state 130
    AND      shift, and go to state 131
    OR       shift, and go to state 132
    XOR      shift, and go to state 133
    BIT_AND  shift, and go to state 134
    BIT_OR   shift, and go to state 135
    BIT_XOR  shift, and go to state 136
    QM       shift, and go to state 137

    ADD       [reduce using rule 176 (return_statement)]
    SUB       [reduce using rule 176 (return_statement)]
    $default  reduce using rule 176 (return_statement)


state 118

    4 statement: statement NOINDENT monostatement enclose_statement_stack . build_single_statement_stack execute_single_statement LF

    $default  reduce using rule 17 (build_single_statement_stack)

    build_single_statement_stack  go to state 173


state 119

    5 statement: statement NOINDENT foldable_statement build_statement_stack . LF

    LF  shift, and go to state 174


state 120

   83 binary_expression: expression ADD . expression

    INT_LTR           shift, and go to state 17
    BLN_LTR           shift, and go to state 18
    FLT_LTR           shift, and go to state 19
    STR_LTR           shift, and go to state 20
    NLL_LTR           shift, and go to state 21
    SHORTCUT_PRINTLN  shift, and go to state 22
    IDENTIFER         shift, and go to state 23
    LEFT_PAREN        shift, and go to state 26
    LEFT_QUAD         shift, and go to state 27
    ADD               shift, and go to state 28
    SUB               shift, and go to state 29
    NOT               shift, and go to state 30
    BIT_NOT           shift, and go to state 31
    INCREMENT         shift, and go to state 32
    DECREMENT         shift, and go to state 33

    expression                   go to state 175
    lvalue_operation_expression  go to state 45
    assign_expression            go to state 46
    self_operation_expression    go to state 47
    unary_expression             go to state 48
    binary_expression            go to state 49
    shortcut_expression          go to state 50
    value_expression             go to state 51
    lvalue_expression            go to state 52
    array_expression             go to state 53
    function_expression          go to state 56


state 121

   84 binary_expression: expression SUB . expression

    INT_LTR           shift, and go to state 17
    BLN_LTR           shift, and go to state 18
    FLT_LTR           shift, and go to state 19
    STR_LTR           shift, and go to state 20
    NLL_LTR           shift, and go to state 21
    SHORTCUT_PRINTLN  shift, and go to state 22
    IDENTIFER         shift, and go to state 23
    LEFT_PAREN        shift, and go to state 26
    LEFT_QUAD         shift, and go to state 27
    ADD               shift, and go to state 28
    SUB               shift, and go to state 29
    NOT               shift, and go to state 30
    BIT_NOT           shift, and go to state 31
    INCREMENT         shift, and go to state 32
    DECREMENT         shift, and go to state 33

    expression                   go to state 176
    lvalue_operation_expression  go to state 45
    assign_expression            go to state 46
    self_operation_expression    go to state 47
    unary_expression             go to state 48
    binary_expression            go to state 49
    shortcut_expression          go to state 50
    value_expression             go to state 51
    lvalue_expression            go to state 52
    array_expression             go to state 53
    function_expression          go to state 56


state 122

   85 binary_expression: expression MUL . expression

    INT_LTR           shift, and go to state 17
    BLN_LTR           shift, and go to state 18
    FLT_LTR           shift, and go to state 19
    STR_LTR           shift, and go to state 20
    NLL_LTR           shift, and go to state 21
    SHORTCUT_PRINTLN  shift, and go to state 22
    IDENTIFER         shift, and go to state 23
    LEFT_PAREN        shift, and go to state 26
    LEFT_QUAD         shift, and go to state 27
    ADD               shift, and go to state 28
    SUB               shift, and go to state 29
    NOT               shift, and go to state 30
    BIT_NOT           shift, and go to state 31
    INCREMENT         shift, and go to state 32
    DECREMENT         shift, and go to state 33

    expression                   go to state 177
    lvalue_operation_expression  go to state 45
    assign_expression            go to state 46
    self_operation_expression    go to state 47
    unary_expression             go to state 48
    binary_expression            go to state 49
    shortcut_expression          go to state 50
    value_expression             go to state 51
    lvalue_expression            go to state 52
    array_expression             go to state 53
    function_expression          go to state 56


state 123

   86 binary_expression: expression DIV . expression

    INT_LTR           shift, and go to state 17
    BLN_LTR           shift, and go to state 18
    FLT_LTR           shift, and go to state 19
    STR_LTR           shift, and go to state 20
    NLL_LTR           shift, and go to state 21
    SHORTCUT_PRINTLN  shift, and go to state 22
    IDENTIFER         shift, and go to state 23
    LEFT_PAREN        shift, and go to state 26
    LEFT_QUAD         shift, and go to state 27
    ADD               shift, and go to state 28
    SUB               shift, and go to state 29
    NOT               shift, and go to state 30
    BIT_NOT           shift, and go to state 31
    INCREMENT         shift, and go to state 32
    DECREMENT         shift, and go to state 33

    expression                   go to state 178
    lvalue_operation_expression  go to state 45
    assign_expression            go to state 46
    self_operation_expression    go to state 47
    unary_expression             go to state 48
    binary_expression            go to state 49
    shortcut_expression          go to state 50
    value_expression             go to state 51
    lvalue_expression            go to state 52
    array_expression             go to state 53
    function_expression          go to state 56


state 124

   87 binary_expression: expression MOD . expression

    INT_LTR           shift, and go to state 17
    BLN_LTR           shift, and go to state 18
    FLT_LTR           shift, and go to state 19
    STR_LTR           shift, and go to state 20
    NLL_LTR           shift, and go to state 21
    SHORTCUT_PRINTLN  shift, and go to state 22
    IDENTIFER         shift, and go to state 23
    LEFT_PAREN        shift, and go to state 26
    LEFT_QUAD         shift, and go to state 27
    ADD               shift, and go to state 28
    SUB               shift, and go to state 29
    NOT               shift, and go to state 30
    BIT_NOT           shift, and go to state 31
    INCREMENT         shift, and go to state 32
    DECREMENT         shift, and go to state 33

    expression                   go to state 179
    lvalue_operation_expression  go to state 45
    assign_expression            go to state 46
    self_operation_expression    go to state 47
    unary_expression             go to state 48
    binary_expression            go to state 49
    shortcut_expression          go to state 50
    value_expression             go to state 51
    lvalue_expression            go to state 52
    array_expression             go to state 53
    function_expression          go to state 56


state 125

   91 binary_expression: expression EQ . expression

    INT_LTR           shift, and go to state 17
    BLN_LTR           shift, and go to state 18
    FLT_LTR           shift, and go to state 19
    STR_LTR           shift, and go to state 20
    NLL_LTR           shift, and go to state 21
    SHORTCUT_PRINTLN  shift, and go to state 22
    IDENTIFER         shift, and go to state 23
    LEFT_PAREN        shift, and go to state 26
    LEFT_QUAD         shift, and go to state 27
    ADD               shift, and go to state 28
    SUB               shift, and go to state 29
    NOT               shift, and go to state 30
    BIT_NOT           shift, and go to state 31
    INCREMENT         shift, and go to state 32
    DECREMENT         shift, and go to state 33

    expression                   go to state 180
    lvalue_operation_expression  go to state 45
    assign_expression            go to state 46
    self_operation_expression    go to state 47
    unary_expression             go to state 48
    binary_expression            go to state 49
    shortcut_expression          go to state 50
    value_expression             go to state 51
    lvalue_expression            go to state 52
    array_expression             go to state 53
    function_expression          go to state 56


state 126

   92 binary_expression: expression NE . expression

    INT_LTR           shift, and go to state 17
    BLN_LTR           shift, and go to state 18
    FLT_LTR           shift, and go to state 19
    STR_LTR           shift, and go to state 20
    NLL_LTR           shift, and go to state 21
    SHORTCUT_PRINTLN  shift, and go to state 22
    IDENTIFER         shift, and go to state 23
    LEFT_PAREN        shift, and go to state 26
    LEFT_QUAD         shift, and go to state 27
    ADD               shift, and go to state 28
    SUB               shift, and go to state 29
    NOT               shift, and go to state 30
    BIT_NOT           shift, and go to state 31
    INCREMENT         shift, and go to state 32
    DECREMENT         shift, and go to state 33

    expression                   go to state 181
    lvalue_operation_expression  go to state 45
    assign_expression            go to state 46
    self_operation_expression    go to state 47
    unary_expression             go to state 48
    binary_expression            go to state 49
    shortcut_expression          go to state 50
    value_expression             go to state 51
    lvalue_expression            go to state 52
    array_expression             go to state 53
    function_expression          go to state 56


state 127

   93 binary_expression: expression GT . expression

    INT_LTR           shift, and go to state 17
    BLN_LTR           shift, and go to state 18
    FLT_LTR           shift, and go to state 19
    STR_LTR           shift, and go to state 20
    NLL_LTR           shift, and go to state 21
    SHORTCUT_PRINTLN  shift, and go to state 22
    IDENTIFER         shift, and go to state 23
    LEFT_PAREN        shift, and go to state 26
    LEFT_QUAD         shift, and go to state 27
    ADD               shift, and go to state 28
    SUB               shift, and go to state 29
    NOT               shift, and go to state 30
    BIT_NOT           shift, and go to state 31
    INCREMENT         shift, and go to state 32
    DECREMENT         shift, and go to state 33

    expression                   go to state 182
    lvalue_operation_expression  go to state 45
    assign_expression            go to state 46
    self_operation_expression    go to state 47
    unary_expression             go to state 48
    binary_expression            go to state 49
    shortcut_expression          go to state 50
    value_expression             go to state 51
    lvalue_expression            go to state 52
    array_expression             go to state 53
    function_expression          go to state 56


state 128

   94 binary_expression: expression GE . expression

    INT_LTR           shift, and go to state 17
    BLN_LTR           shift, and go to state 18
    FLT_LTR           shift, and go to state 19
    STR_LTR           shift, and go to state 20
    NLL_LTR           shift, and go to state 21
    SHORTCUT_PRINTLN  shift, and go to state 22
    IDENTIFER         shift, and go to state 23
    LEFT_PAREN        shift, and go to state 26
    LEFT_QUAD         shift, and go to state 27
    ADD               shift, and go to state 28
    SUB               shift, and go to state 29
    NOT               shift, and go to state 30
    BIT_NOT           shift, and go to state 31
    INCREMENT         shift, and go to state 32
    DECREMENT         shift, and go to state 33

    expression                   go to state 183
    lvalue_operation_expression  go to state 45
    assign_expression            go to state 46
    self_operation_expression    go to state 47
    unary_expression             go to state 48
    binary_expression            go to state 49
    shortcut_expression          go to state 50
    value_expression             go to state 51
    lvalue_expression            go to state 52
    array_expression             go to state 53
    function_expression          go to state 56


state 129

   95 binary_expression: expression LT . expression

    INT_LTR           shift, and go to state 17
    BLN_LTR           shift, and go to state 18
    FLT_LTR           shift, and go to state 19
    STR_LTR           shift, and go to state 20
    NLL_LTR           shift, and go to state 21
    SHORTCUT_PRINTLN  shift, and go to state 22
    IDENTIFER         shift, and go to state 23
    LEFT_PAREN        shift, and go to state 26
    LEFT_QUAD         shift, and go to state 27
    ADD               shift, and go to state 28
    SUB               shift, and go to state 29
    NOT               shift, and go to state 30
    BIT_NOT           shift, and go to state 31
    INCREMENT         shift, and go to state 32
    DECREMENT         shift, and go to state 33

    expression                   go to state 184
    lvalue_operation_expression  go to state 45
    assign_expression            go to state 46
    self_operation_expression    go to state 47
    unary_expression             go to state 48
    binary_expression            go to state 49
    shortcut_expression          go to state 50
    value_expression             go to state 51
    lvalue_expression            go to state 52
    array_expression             go to state 53
    function_expression          go to state 56


state 130

   96 binary_expression: expression LE . expression

    INT_LTR           shift, and go to state 17
    BLN_LTR           shift, and go to state 18
    FLT_LTR           shift, and go to state 19
    STR_LTR           shift, and go to state 20
    NLL_LTR           shift, and go to state 21
    SHORTCUT_PRINTLN  shift, and go to state 22
    IDENTIFER         shift, and go to state 23
    LEFT_PAREN        shift, and go to state 26
    LEFT_QUAD         shift, and go to state 27
    ADD               shift, and go to state 28
    SUB               shift, and go to state 29
    NOT               shift, and go to state 30
    BIT_NOT           shift, and go to state 31
    INCREMENT         shift, and go to state 32
    DECREMENT         shift, and go to state 33

    expression                   go to state 185
    lvalue_operation_expression  go to state 45
    assign_expression            go to state 46
    self_operation_expression    go to state 47
    unary_expression             go to state 48
    binary_expression            go to state 49
    shortcut_expression          go to state 50
    value_expression             go to state 51
    lvalue_expression            go to state 52
    array_expression             go to state 53
    function_expression          go to state 56


state 131

   88 binary_expression: expression AND . expression

    INT_LTR           shift, and go to state 17
    BLN_LTR           shift, and go to state 18
    FLT_LTR           shift, and go to state 19
    STR_LTR           shift, and go to state 20
    NLL_LTR           shift, and go to state 21
    SHORTCUT_PRINTLN  shift, and go to state 22
    IDENTIFER         shift, and go to state 23
    LEFT_PAREN        shift, and go to state 26
    LEFT_QUAD         shift, and go to state 27
    ADD               shift, and go to state 28
    SUB               shift, and go to state 29
    NOT               shift, and go to state 30
    BIT_NOT           shift, and go to state 31
    INCREMENT         shift, and go to state 32
    DECREMENT         shift, and go to state 33

    expression                   go to state 186
    lvalue_operation_expression  go to state 45
    assign_expression            go to state 46
    self_operation_expression    go to state 47
    unary_expression             go to state 48
    binary_expression            go to state 49
    shortcut_expression          go to state 50
    value_expression             go to state 51
    lvalue_expression            go to state 52
    array_expression             go to state 53
    function_expression          go to state 56


state 132

   89 binary_expression: expression OR . expression

    INT_LTR           shift, and go to state 17
    BLN_LTR           shift, and go to state 18
    FLT_LTR           shift, and go to state 19
    STR_LTR           shift, and go to state 20
    NLL_LTR           shift, and go to state 21
    SHORTCUT_PRINTLN  shift, and go to state 22
    IDENTIFER         shift, and go to state 23
    LEFT_PAREN        shift, and go to state 26
    LEFT_QUAD         shift, and go to state 27
    ADD               shift, and go to state 28
    SUB               shift, and go to state 29
    NOT               shift, and go to state 30
    BIT_NOT           shift, and go to state 31
    INCREMENT         shift, and go to state 32
    DECREMENT         shift, and go to state 33

    expression                   go to state 187
    lvalue_operation_expression  go to state 45
    assign_expression            go to state 46
    self_operation_expression    go to state 47
    unary_expression             go to state 48
    binary_expression            go to state 49
    shortcut_expression          go to state 50
    value_expression             go to state 51
    lvalue_expression            go to state 52
    array_expression             go to state 53
    function_expression          go to state 56


state 133

   90 binary_expression: expression XOR . expression

    INT_LTR           shift, and go to state 17
    BLN_LTR           shift, and go to state 18
    FLT_LTR           shift, and go to state 19
    STR_LTR           shift, and go to state 20
    NLL_LTR           shift, and go to state 21
    SHORTCUT_PRINTLN  shift, and go to state 22
    IDENTIFER         shift, and go to state 23
    LEFT_PAREN        shift, and go to state 26
    LEFT_QUAD         shift, and go to state 27
    ADD               shift, and go to state 28
    SUB               shift, and go to state 29
    NOT               shift, and go to state 30
    BIT_NOT           shift, and go to state 31
    INCREMENT         shift, and go to state 32
    DECREMENT         shift, and go to state 33

    expression                   go to state 188
    lvalue_operation_expression  go to state 45
    assign_expression            go to state 46
    self_operation_expression    go to state 47
    unary_expression             go to state 48
    binary_expression            go to state 49
    shortcut_expression          go to state 50
    value_expression             go to state 51
    lvalue_expression            go to state 52
    array_expression             go to state 53
    function_expression          go to state 56


state 134

   97 binary_expression: expression BIT_AND . expression

    INT_LTR           shift, and go to state 17
    BLN_LTR           shift, and go to state 18
    FLT_LTR           shift, and go to state 19
    STR_LTR           shift, and go to state 20
    NLL_LTR           shift, and go to state 21
    SHORTCUT_PRINTLN  shift, and go to state 22
    IDENTIFER         shift, and go to state 23
    LEFT_PAREN        shift, and go to state 26
    LEFT_QUAD         shift, and go to state 27
    ADD               shift, and go to state 28
    SUB               shift, and go to state 29
    NOT               shift, and go to state 30
    BIT_NOT           shift, and go to state 31
    INCREMENT         shift, and go to state 32
    DECREMENT         shift, and go to state 33

    expression                   go to state 189
    lvalue_operation_expression  go to state 45
    assign_expression            go to state 46
    self_operation_expression    go to state 47
    unary_expression             go to state 48
    binary_expression            go to state 49
    shortcut_expression          go to state 50
    value_expression             go to state 51
    lvalue_expression            go to state 52
    array_expression             go to state 53
    function_expression          go to state 56


state 135

   98 binary_expression: expression BIT_OR . expression

    INT_LTR           shift, and go to state 17
    BLN_LTR           shift, and go to state 18
    FLT_LTR           shift, and go to state 19
    STR_LTR           shift, and go to state 20
    NLL_LTR           shift, and go to state 21
    SHORTCUT_PRINTLN  shift, and go to state 22
    IDENTIFER         shift, and go to state 23
    LEFT_PAREN        shift, and go to state 26
    LEFT_QUAD         shift, and go to state 27
    ADD               shift, and go to state 28
    SUB               shift, and go to state 29
    NOT               shift, and go to state 30
    BIT_NOT           shift, and go to state 31
    INCREMENT         shift, and go to state 32
    DECREMENT         shift, and go to state 33

    expression                   go to state 190
    lvalue_operation_expression  go to state 45
    assign_expression            go to state 46
    self_operation_expression    go to state 47
    unary_expression             go to state 48
    binary_expression            go to state 49
    shortcut_expression          go to state 50
    value_expression             go to state 51
    lvalue_expression            go to state 52
    array_expression             go to state 53
    function_expression          go to state 56


state 136

   99 binary_expression: expression BIT_XOR . expression

    INT_LTR           shift, and go to state 17
    BLN_LTR           shift, and go to state 18
    FLT_LTR           shift, and go to state 19
    STR_LTR           shift, and go to state 20
    NLL_LTR           shift, and go to state 21
    SHORTCUT_PRINTLN  shift, and go to state 22
    IDENTIFER         shift, and go to state 23
    LEFT_PAREN        shift, and go to state 26
    LEFT_QUAD         shift, and go to state 27
    ADD               shift, and go to state 28
    SUB               shift, and go to state 29
    NOT               shift, and go to state 30
    BIT_NOT           shift, and go to state 31
    INCREMENT         shift, and go to state 32
    DECREMENT         shift, and go to state 33

    expression                   go to state 191
    lvalue_operation_expression  go to state 45
    assign_expression            go to state 46
    self_operation_expression    go to state 47
    unary_expression             go to state 48
    binary_expression            go to state 49
    shortcut_expression          go to state 50
    value_expression             go to state 51
    lvalue_expression            go to state 52
    array_expression             go to state 53
    function_expression          go to state 56


state 137

  100 binary_expression: expression QM . expression COLON expression

    INT_LTR           shift, and go to state 17
    BLN_LTR           shift, and go to state 18
    FLT_LTR           shift, and go to state 19
    STR_LTR           shift, and go to state 20
    NLL_LTR           shift, and go to state 21
    SHORTCUT_PRINTLN  shift, and go to state 22
    IDENTIFER         shift, and go to state 23
    LEFT_PAREN        shift, and go to state 26
    LEFT_QUAD         shift, and go to state 27
    ADD               shift, and go to state 28
    SUB               shift, and go to state 29
    NOT               shift, and go to state 30
    BIT_NOT           shift, and go to state 31
    INCREMENT         shift, and go to state 32
    DECREMENT         shift, and go to state 33

    expression                   go to state 192
    lvalue_operation_expression  go to state 45
    assign_expression            go to state 46
    self_operation_expression    go to state 47
    unary_expression             go to state 48
    binary_expression            go to state 49
    shortcut_expression          go to state 50
    value_expression             go to state 51
    lvalue_expression            go to state 52
    array_expression             go to state 53
    function_expression          go to state 56


state 138

  110 lvalue_expression: lvalue_expression DOT . IDENTIFER
  112                  | lvalue_expression DOT . function_expression

    IDENTIFER  shift, and go to state 193

    function_expression  go to state 194


state 139

   68 assign_expression: lvalue_expression ASSIGN . expression

    INT_LTR           shift, and go to state 17
    BLN_LTR           shift, and go to state 18
    FLT_LTR           shift, and go to state 19
    STR_LTR           shift, and go to state 20
    NLL_LTR           shift, and go to state 21
    SHORTCUT_PRINTLN  shift, and go to state 22
    IDENTIFER         shift, and go to state 23
    LEFT_PAREN        shift, and go to state 26
    LEFT_QUAD         shift, and go to state 27
    ADD               shift, and go to state 28
    SUB               shift, and go to state 29
    NOT               shift, and go to state 30
    BIT_NOT           shift, and go to state 31
    INCREMENT         shift, and go to state 32
    DECREMENT         shift, and go to state 33

    expression                   go to state 195
    lvalue_operation_expression  go to state 45
    assign_expression            go to state 46
    self_operation_expression    go to state 47
    unary_expression             go to state 48
    binary_expression            go to state 49
    shortcut_expression          go to state 50
    value_expression             go to state 51
    lvalue_expression            go to state 52
    array_expression             go to state 53
    function_expression          go to state 56


state 140

   69 assign_expression: lvalue_expression ADD_ASSIGN . expression

    INT_LTR           shift, and go to state 17
    BLN_LTR           shift, and go to state 18
    FLT_LTR           shift, and go to state 19
    STR_LTR           shift, and go to state 20
    NLL_LTR           shift, and go to state 21
    SHORTCUT_PRINTLN  shift, and go to state 22
    IDENTIFER         shift, and go to state 23
    LEFT_PAREN        shift, and go to state 26
    LEFT_QUAD         shift, and go to state 27
    ADD               shift, and go to state 28
    SUB               shift, and go to state 29
    NOT               shift, and go to state 30
    BIT_NOT           shift, and go to state 31
    INCREMENT         shift, and go to state 32
    DECREMENT         shift, and go to state 33

    expression                   go to state 196
    lvalue_operation_expression  go to state 45
    assign_expression            go to state 46
    self_operation_expression    go to state 47
    unary_expression             go to state 48
    binary_expression            go to state 49
    shortcut_expression          go to state 50
    value_expression             go to state 51
    lvalue_expression            go to state 52
    array_expression             go to state 53
    function_expression          go to state 56


state 141

   70 assign_expression: lvalue_expression SUB_ASSIGN . expression

    INT_LTR           shift, and go to state 17
    BLN_LTR           shift, and go to state 18
    FLT_LTR           shift, and go to state 19
    STR_LTR           shift, and go to state 20
    NLL_LTR           shift, and go to state 21
    SHORTCUT_PRINTLN  shift, and go to state 22
    IDENTIFER         shift, and go to state 23
    LEFT_PAREN        shift, and go to state 26
    LEFT_QUAD         shift, and go to state 27
    ADD               shift, and go to state 28
    SUB               shift, and go to state 29
    NOT               shift, and go to state 30
    BIT_NOT           shift, and go to state 31
    INCREMENT         shift, and go to state 32
    DECREMENT         shift, and go to state 33

    expression                   go to state 197
    lvalue_operation_expression  go to state 45
    assign_expression            go to state 46
    self_operation_expression    go to state 47
    unary_expression             go to state 48
    binary_expression            go to state 49
    shortcut_expression          go to state 50
    value_expression             go to state 51
    lvalue_expression            go to state 52
    array_expression             go to state 53
    function_expression          go to state 56


state 142

   71 assign_expression: lvalue_expression MUL_ASSIGN . expression

    INT_LTR           shift, and go to state 17
    BLN_LTR           shift, and go to state 18
    FLT_LTR           shift, and go to state 19
    STR_LTR           shift, and go to state 20
    NLL_LTR           shift, and go to state 21
    SHORTCUT_PRINTLN  shift, and go to state 22
    IDENTIFER         shift, and go to state 23
    LEFT_PAREN        shift, and go to state 26
    LEFT_QUAD         shift, and go to state 27
    ADD               shift, and go to state 28
    SUB               shift, and go to state 29
    NOT               shift, and go to state 30
    BIT_NOT           shift, and go to state 31
    INCREMENT         shift, and go to state 32
    DECREMENT         shift, and go to state 33

    expression                   go to state 198
    lvalue_operation_expression  go to state 45
    assign_expression            go to state 46
    self_operation_expression    go to state 47
    unary_expression             go to state 48
    binary_expression            go to state 49
    shortcut_expression          go to state 50
    value_expression             go to state 51
    lvalue_expression            go to state 52
    array_expression             go to state 53
    function_expression          go to state 56


state 143

   72 assign_expression: lvalue_expression DIV_ASSIGN . expression

    INT_LTR           shift, and go to state 17
    BLN_LTR           shift, and go to state 18
    FLT_LTR           shift, and go to state 19
    STR_LTR           shift, and go to state 20
    NLL_LTR           shift, and go to state 21
    SHORTCUT_PRINTLN  shift, and go to state 22
    IDENTIFER         shift, and go to state 23
    LEFT_PAREN        shift, and go to state 26
    LEFT_QUAD         shift, and go to state 27
    ADD               shift, and go to state 28
    SUB               shift, and go to state 29
    NOT               shift, and go to state 30
    BIT_NOT           shift, and go to state 31
    INCREMENT         shift, and go to state 32
    DECREMENT         shift, and go to state 33

    expression                   go to state 199
    lvalue_operation_expression  go to state 45
    assign_expression            go to state 46
    self_operation_expression    go to state 47
    unary_expression             go to state 48
    binary_expression            go to state 49
    shortcut_expression          go to state 50
    value_expression             go to state 51
    lvalue_expression            go to state 52
    array_expression             go to state 53
    function_expression          go to state 56


state 144

   73 assign_expression: lvalue_expression MOD_ASSIGN . expression

    INT_LTR           shift, and go to state 17
    BLN_LTR           shift, and go to state 18
    FLT_LTR           shift, and go to state 19
    STR_LTR           shift, and go to state 20
    NLL_LTR           shift, and go to state 21
    SHORTCUT_PRINTLN  shift, and go to state 22
    IDENTIFER         shift, and go to state 23
    LEFT_PAREN        shift, and go to state 26
    LEFT_QUAD         shift, and go to state 27
    ADD               shift, and go to state 28
    SUB               shift, and go to state 29
    NOT               shift, and go to state 30
    BIT_NOT           shift, and go to state 31
    INCREMENT         shift, and go to state 32
    DECREMENT         shift, and go to state 33

    expression                   go to state 200
    lvalue_operation_expression  go to state 45
    assign_expression            go to state 46
    self_operation_expression    go to state 47
    unary_expression             go to state 48
    binary_expression            go to state 49
    shortcut_expression          go to state 50
    value_expression             go to state 51
    lvalue_expression            go to state 52
    array_expression             go to state 53
    function_expression          go to state 56


state 145

  134 evaluate_list: LEFT_QUAD . expression RIGHT_QUAD
  135              | LEFT_QUAD . expression COLON expression RIGHT_QUAD
  136              | LEFT_QUAD . expression COLON expression COLON RIGHT_QUAD
  137              | LEFT_QUAD . expression COLON expression COLON expression RIGHT_QUAD
  138              | LEFT_QUAD . expression COLON RIGHT_QUAD
  139              | LEFT_QUAD . expression COLON COLON RIGHT_QUAD
  140              | LEFT_QUAD . expression COLON COLON expression RIGHT_QUAD
  141              | LEFT_QUAD . COLON expression RIGHT_QUAD
  142              | LEFT_QUAD . COLON expression COLON RIGHT_QUAD
  143              | LEFT_QUAD . COLON expression COLON expression RIGHT_QUAD
  144              | LEFT_QUAD . COLON COLON RIGHT_QUAD

    INT_LTR           shift, and go to state 17
    BLN_LTR           shift, and go to state 18
    FLT_LTR           shift, and go to state 19
    STR_LTR           shift, and go to state 20
    NLL_LTR           shift, and go to state 21
    SHORTCUT_PRINTLN  shift, and go to state 22
    IDENTIFER         shift, and go to state 23
    LEFT_PAREN        shift, and go to state 26
    LEFT_QUAD         shift, and go to state 27
    COLON             shift, and go to state 201
    ADD               shift, and go to state 28
    SUB               shift, and go to state 29
    NOT               shift, and go to state 30
    BIT_NOT           shift, and go to state 31
    INCREMENT         shift, and go to state 32
    DECREMENT         shift, and go to state 33

    expression                   go to state 202
    lvalue_operation_expression  go to state 45
    assign_expression            go to state 46
    self_operation_expression    go to state 47
    unary_expression             go to state 48
    binary_expression            go to state 49
    shortcut_expression          go to state 50
    value_expression             go to state 51
    lvalue_expression            go to state 52
    array_expression             go to state 53
    function_expression          go to state 56


state 146

   76 self_operation_expression: lvalue_expression INCREMENT .

    $default  reduce using rule 76 (self_operation_expression)


state 147

   77 self_operation_expression: lvalue_expression DECREMENT .

    $default  reduce using rule 77 (self_operation_expression)


state 148

  111 lvalue_expression: lvalue_expression evaluate_list .
  145 evaluate_list: evaluate_list . LEFT_QUAD expression RIGHT_QUAD
  146              | evaluate_list . LEFT_QUAD expression COLON expression RIGHT_QUAD
  147              | evaluate_list . LEFT_QUAD expression COLON expression COLON RIGHT_QUAD
  148              | evaluate_list . LEFT_QUAD expression COLON expression COLON expression RIGHT_QUAD
  149              | evaluate_list . LEFT_QUAD expression COLON RIGHT_QUAD
  150              | evaluate_list . LEFT_QUAD expression COLON COLON RIGHT_QUAD
  151              | evaluate_list . LEFT_QUAD expression COLON COLON expression RIGHT_QUAD
  152              | evaluate_list . LEFT_QUAD COLON expression RIGHT_QUAD
  153              | evaluate_list . LEFT_QUAD COLON expression COLON RIGHT_QUAD
  154              | evaluate_list . LEFT_QUAD COLON expression COLON expression RIGHT_QUAD
  155              | evaluate_list . LEFT_QUAD COLON COLON RIGHT_QUAD

    LEFT_QUAD  shift, and go to state 203

    LEFT_QUAD  [reduce using rule 111 (lvalue_expression)]
    $default   reduce using rule 111 (lvalue_expression)


state 149

   83 binary_expression: expression . ADD expression
   84                  | expression . SUB expression
   85                  | expression . MUL expression
   86                  | expression . DIV expression
   87                  | expression . MOD expression
   88                  | expression . AND expression
   89                  | expression . OR expression
   90                  | expression . XOR expression
   91                  | expression . EQ expression
   92                  | expression . NE expression
   93                  | expression . GT expression
   94                  | expression . GE expression
   95                  | expression . LT expression
   96                  | expression . LE expression
   97                  | expression . BIT_AND expression
   98                  | expression . BIT_OR expression
   99                  | expression . BIT_XOR expression
  100                  | expression . QM expression COLON expression
  156 if_statement: IF expression .

    ADD      shift, and go to state 120
    SUB      shift, and go to state 121
    MUL      shift, and go to state 122
    DIV      shift, and go to state 123
    MOD      shift, and go to state 124
    EQ       shift, and go to state 125
    NE       shift, and go to state 126
    GT       shift, and go to state 127
    GE       shift, and go to state 128
    LT       shift, and go to state 129
    LE       shift, and go to state 130
    AND      shift, and go to state 131
    OR       shift, and go to state 132
    XOR      shift, and go to state 133
    BIT_AND  shift, and go to state 134
    BIT_OR   shift, and go to state 135
    BIT_XOR  shift, and go to state 136
    QM       shift, and go to state 137

    ADD       [reduce using rule 156 (if_statement)]
    SUB       [reduce using rule 156 (if_statement)]
    $default  reduce using rule 156 (if_statement)


state 150

   83 binary_expression: expression . ADD expression
   84                  | expression . SUB expression
   85                  | expression . MUL expression
   86                  | expression . DIV expression
   87                  | expression . MOD expression
   88                  | expression . AND expression
   89                  | expression . OR expression
   90                  | expression . XOR expression
   91                  | expression . EQ expression
   92                  | expression . NE expression
   93                  | expression . GT expression
   94                  | expression . GE expression
   95                  | expression . LT expression
   96                  | expression . LE expression
   97                  | expression . BIT_AND expression
   98                  | expression . BIT_OR expression
   99                  | expression . BIT_XOR expression
  100                  | expression . QM expression COLON expression
  158 elif_statement: ELIF expression .

    ADD      shift, and go to state 120
    SUB      shift, and go to state 121
    MUL      shift, and go to state 122
    DIV      shift, and go to state 123
    MOD      shift, and go to state 124
    EQ       shift, and go to state 125
    NE       shift, and go to state 126
    GT       shift, and go to state 127
    GE       shift, and go to state 128
    LT       shift, and go to state 129
    LE       shift, and go to state 130
    AND      shift, and go to state 131
    OR       shift, and go to state 132
    XOR      shift, and go to state 133
    BIT_AND  shift, and go to state 134
    BIT_OR   shift, and go to state 135
    BIT_XOR  shift, and go to state 136
    QM       shift, and go to state 137

    ADD       [reduce using rule 158 (elif_statement)]
    SUB       [reduce using rule 158 (elif_statement)]
    $default  reduce using rule 158 (elif_statement)


state 151

    6 statement: statement INDENT single_statement LF . check_indent build_statement_stack
    9          | statement INDENT single_statement LF . check_indent build_statement_stack

    $default  reduce using rule 14 (check_indent)

    check_indent  go to state 204


state 152

    8 statement: statement close_execute_last_statement @1 single_statement . LF check_indent build_statement_stack execute_single_statement

    LF  shift, and go to state 205


state 153

  118 var_statement: SHARED VAR assign_list .
  122 assign_list: assign_list . COMMA IDENTIFER
  123            | assign_list . COMMA IDENTIFER ASSIGN expression

    COMMA  shift, and go to state 161

    $default  reduce using rule 118 (var_statement)


state 154

  172 function_statement: SHARED FUNC IDENTIFER . LEFT_PAREN parameter_list RIGHT_PAREN
  173                   | SHARED FUNC IDENTIFER . LEFT_PAREN RIGHT_PAREN

    LEFT_PAREN  shift, and go to state 206


state 155

  116 element_list: element_list COMMA . expression

    INT_LTR           shift, and go to state 17
    BLN_LTR           shift, and go to state 18
    FLT_LTR           shift, and go to state 19
    STR_LTR           shift, and go to state 20
    NLL_LTR           shift, and go to state 21
    SHORTCUT_PRINTLN  shift, and go to state 22
    IDENTIFER         shift, and go to state 23
    LEFT_PAREN        shift, and go to state 26
    LEFT_QUAD         shift, and go to state 27
    ADD               shift, and go to state 28
    SUB               shift, and go to state 29
    NOT               shift, and go to state 30
    BIT_NOT           shift, and go to state 31
    INCREMENT         shift, and go to state 32
    DECREMENT         shift, and go to state 33

    expression                   go to state 207
    lvalue_operation_expression  go to state 45
    assign_expression            go to state 46
    self_operation_expression    go to state 47
    unary_expression             go to state 48
    binary_expression            go to state 49
    shortcut_expression          go to state 50
    value_expression             go to state 51
    lvalue_expression            go to state 52
    array_expression             go to state 53
    function_expression          go to state 56


state 156

  109 lvalue_expression: IDENTIFER .
  124 function_expression: IDENTIFER . LEFT_PAREN argument_list RIGHT_PAREN
  125                    | IDENTIFER . LEFT_PAREN RIGHT_PAREN
  127 argument_list: IDENTIFER . COLON expression

    LEFT_PAREN  shift, and go to state 91
    COLON       shift, and go to state 208

    $default  reduce using rule 109 (lvalue_expression)


state 157

  125 function_expression: IDENTIFER LEFT_PAREN RIGHT_PAREN .

    $default  reduce using rule 125 (function_expression)


state 158

   83 binary_expression: expression . ADD expression
   84                  | expression . SUB expression
   85                  | expression . MUL expression
   86                  | expression . DIV expression
   87                  | expression . MOD expression
   88                  | expression . AND expression
   89                  | expression . OR expression
   90                  | expression . XOR expression
   91                  | expression . EQ expression
   92                  | expression . NE expression
   93                  | expression . GT expression
   94                  | expression . GE expression
   95                  | expression . LT expression
   96                  | expression . LE expression
   97                  | expression . BIT_AND expression
   98                  | expression . BIT_OR expression
   99                  | expression . BIT_XOR expression
  100                  | expression . QM expression COLON expression
  126 argument_list: expression .

    ADD      shift, and go to state 120
    SUB      shift, and go to state 121
    MUL      shift, and go to state 122
    DIV      shift, and go to state 123
    MOD      shift, and go to state 124
    EQ       shift, and go to state 125
    NE       shift, and go to state 126
    GT       shift, and go to state 127
    GE       shift, and go to state 128
    LT       shift, and go to state 129
    LE       shift, and go to state 130
    AND      shift, and go to state 131
    OR       shift, and go to state 132
    XOR      shift, and go to state 133
    BIT_AND  shift, and go to state 134
    BIT_OR   shift, and go to state 135
    BIT_XOR  shift, and go to state 136
    QM       shift, and go to state 137

    $default  reduce using rule 126 (argument_list)


state 159

  124 function_expression: IDENTIFER LEFT_PAREN argument_list . RIGHT_PAREN
  128 argument_list: argument_list . COMMA expression
  129              | argument_list . COMMA IDENTIFER COLON expression

    RIGHT_PAREN  shift, and go to state 209
    COMMA        shift, and go to state 210


state 160

  121 assign_list: IDENTIFER ASSIGN . expression

    INT_LTR           shift, and go to state 17
    BLN_LTR           shift, and go to state 18
    FLT_LTR           shift, and go to state 19
    STR_LTR           shift, and go to state 20
    NLL_LTR           shift, and go to state 21
    SHORTCUT_PRINTLN  shift, and go to state 22
    IDENTIFER         shift, and go to state 23
    LEFT_PAREN        shift, and go to state 26
    LEFT_QUAD         shift, and go to state 27
    ADD               shift, and go to state 28
    SUB               shift, and go to state 29
    NOT               shift, and go to state 30
    BIT_NOT           shift, and go to state 31
    INCREMENT         shift, and go to state 32
    DECREMENT         shift, and go to state 33

    expression                   go to state 211
    lvalue_operation_expression  go to state 45
    assign_expression            go to state 46
    self_operation_expression    go to state 47
    unary_expression             go to state 48
    binary_expression            go to state 49
    shortcut_expression          go to state 50
    value_expression             go to state 51
    lvalue_expression            go to state 52
    array_expression             go to state 53
    function_expression          go to state 56


state 161

  122 assign_list: assign_list COMMA . IDENTIFER
  123            | assign_list COMMA . IDENTIFER ASSIGN expression

    IDENTIFER  shift, and go to state 212


state 162

   80 unary_expression: LEFT_PAREN expression RIGHT_PAREN .

    $default  reduce using rule 80 (unary_expression)


state 163

  113 array_expression: LEFT_QUAD element_list RIGHT_QUAD .

    $default  reduce using rule 113 (array_expression)


state 164

   55 statement_block: LEFT_BRACE . block_list RIGHT_BRACE
   56                | LEFT_BRACE . RIGHT_BRACE

    error             shift, and go to state 66
    NOP               shift, and go to state 14
    CLASS             shift, and go to state 15
    SHARED            shift, and go to state 16
    INT_LTR           shift, and go to state 17
    BLN_LTR           shift, and go to state 18
    FLT_LTR           shift, and go to state 19
    STR_LTR           shift, and go to state 20
    NLL_LTR           shift, and go to state 21
    SHORTCUT_PRINTLN  shift, and go to state 22
    IDENTIFER         shift, and go to state 23
    VAR               shift, and go to state 24
    GLOBAL            shift, and go to state 25
    LEFT_PAREN        shift, and go to state 26
    LEFT_QUAD         shift, and go to state 27
    RIGHT_BRACE       shift, and go to state 213
    ADD               shift, and go to state 28
    SUB               shift, and go to state 29
    NOT               shift, and go to state 30
    BIT_NOT           shift, and go to state 31
    INCREMENT         shift, and go to state 32
    DECREMENT         shift, and go to state 33
    IF                shift, and go to state 67
    ELIF              shift, and go to state 68
    ELSE              shift, and go to state 69
    FOR               shift, and go to state 34
    WHILE             shift, and go to state 35
    CONTINUE          shift, and go to state 36
    BREAK             shift, and go to state 37
    FUNC              shift, and go to state 38
    RETURN            shift, and go to state 39

    single_statement             go to state 214
    nop_statement                go to state 71
    block_list                   go to state 215
    expression_statement         go to state 72
    expression                   go to state 44
    lvalue_operation_expression  go to state 45
    assign_expression            go to state 46
    self_operation_expression    go to state 47
    unary_expression             go to state 48
    binary_expression            go to state 49
    shortcut_expression          go to state 50
    value_expression             go to state 51
    lvalue_expression            go to state 52
    array_expression             go to state 53
    var_statement                go to state 73
    global_statement             go to state 74
    function_expression          go to state 56
    if_statement                 go to state 75
    else_statement               go to state 76
    elif_statement               go to state 77
    for_statement                go to state 78
    while_statement              go to state 79
    break_statement              go to state 80
    continue_statement           go to state 81
    function_statement           go to state 82
    class_statement              go to state 83
    return_statement             go to state 84


state 165

  168 structure_statement: single_statement .

    $default  reduce using rule 168 (structure_statement)


state 166

  169 structure_statement: statement_block .

    $default  reduce using rule 169 (structure_statement)


state 167

  163 do_while_statement: DO structure_statement . WHILE LEFT_PAREN expression_statement RIGHT_PAREN SEMICOLON

    WHILE  shift, and go to state 216


state 168

  159 for_statement: FOR single_statement_no_semicolon SEMICOLON . expression_statement SEMICOLON single_statement_no_semicolon

    INT_LTR           shift, and go to state 17
    BLN_LTR           shift, and go to state 18
    FLT_LTR           shift, and go to state 19
    STR_LTR           shift, and go to state 20
    NLL_LTR           shift, and go to state 21
    SHORTCUT_PRINTLN  shift, and go to state 22
    IDENTIFER         shift, and go to state 23
    LEFT_PAREN        shift, and go to state 26
    LEFT_QUAD         shift, and go to state 27
    ADD               shift, and go to state 28
    SUB               shift, and go to state 29
    NOT               shift, and go to state 30
    BIT_NOT           shift, and go to state 31
    INCREMENT         shift, and go to state 32
    DECREMENT         shift, and go to state 33

    expression_statement         go to state 217
    expression                   go to state 44
    lvalue_operation_expression  go to state 45
    assign_expression            go to state 46
    self_operation_expression    go to state 47
    unary_expression             go to state 48
    binary_expression            go to state 49
    shortcut_expression          go to state 50
    value_expression             go to state 51
    lvalue_expression            go to state 52
    array_expression             go to state 53
    function_expression          go to state 56


state 169

  160 for_statement: FOR single_statement_no_semicolon COLON . expression_statement COLON single_statement_no_semicolon

    INT_LTR           shift, and go to state 17
    BLN_LTR           shift, and go to state 18
    FLT_LTR           shift, and go to state 19
    STR_LTR           shift, and go to state 20
    NLL_LTR           shift, and go to state 21
    SHORTCUT_PRINTLN  shift, and go to state 22
    IDENTIFER         shift, and go to state 23
    LEFT_PAREN        shift, and go to state 26
    LEFT_QUAD         shift, and go to state 27
    ADD               shift, and go to state 28
    SUB               shift, and go to state 29
    NOT               shift, and go to state 30
    BIT_NOT           shift, and go to state 31
    INCREMENT         shift, and go to state 32
    DECREMENT         shift, and go to state 33

    expression_statement         go to state 218
    expression                   go to state 44
    lvalue_operation_expression  go to state 45
    assign_expression            go to state 46
    self_operation_expression    go to state 47
    unary_expression             go to state 48
    binary_expression            go to state 49
    shortcut_expression          go to state 50
    value_expression             go to state 51
    lvalue_expression            go to state 52
    array_expression             go to state 53
    function_expression          go to state 56


state 170

   83 binary_expression: expression . ADD expression
   84                  | expression . SUB expression
   85                  | expression . MUL expression
   86                  | expression . DIV expression
   87                  | expression . MOD expression
   88                  | expression . AND expression
   89                  | expression . OR expression
   90                  | expression . XOR expression
   91                  | expression . EQ expression
   92                  | expression . NE expression
   93                  | expression . GT expression
   94                  | expression . GE expression
   95                  | expression . LT expression
   96                  | expression . LE expression
   97                  | expression . BIT_AND expression
   98                  | expression . BIT_OR expression
   99                  | expression . BIT_XOR expression
  100                  | expression . QM expression COLON expression
  167 continue_statement: CONTINUE LEFT_PAREN expression . RIGHT_PAREN

    RIGHT_PAREN  shift, and go to state 219
    ADD          shift, and go to state 120
    SUB          shift, and go to state 121
    MUL          shift, and go to state 122
    DIV          shift, and go to state 123
    MOD          shift, and go to state 124
    EQ           shift, and go to state 125
    NE           shift, and go to state 126
    GT           shift, and go to state 127
    GE           shift, and go to state 128
    LT           shift, and go to state 129
    LE           shift, and go to state 130
    AND          shift, and go to state 131
    OR           shift, and go to state 132
    XOR          shift, and go to state 133
    BIT_AND      shift, and go to state 134
    BIT_OR       shift, and go to state 135
    BIT_XOR      shift, and go to state 136
    QM           shift, and go to state 137


state 171

   83 binary_expression: expression . ADD expression
   84                  | expression . SUB expression
   85                  | expression . MUL expression
   86                  | expression . DIV expression
   87                  | expression . MOD expression
   88                  | expression . AND expression
   89                  | expression . OR expression
   90                  | expression . XOR expression
   91                  | expression . EQ expression
   92                  | expression . NE expression
   93                  | expression . GT expression
   94                  | expression . GE expression
   95                  | expression . LT expression
   96                  | expression . LE expression
   97                  | expression . BIT_AND expression
   98                  | expression . BIT_OR expression
   99                  | expression . BIT_XOR expression
  100                  | expression . QM expression COLON expression
  165 break_statement: BREAK LEFT_PAREN expression . RIGHT_PAREN

    RIGHT_PAREN  shift, and go to state 220
    ADD          shift, and go to state 120
    SUB          shift, and go to state 121
    MUL          shift, and go to state 122
    DIV          shift, and go to state 123
    MOD          shift, and go to state 124
    EQ           shift, and go to state 125
    NE           shift, and go to state 126
    GT           shift, and go to state 127
    GE           shift, and go to state 128
    LT           shift, and go to state 129
    LE           shift, and go to state 130
    AND          shift, and go to state 131
    OR           shift, and go to state 132
    XOR          shift, and go to state 133
    BIT_AND      shift, and go to state 134
    BIT_OR       shift, and go to state 135
    BIT_XOR      shift, and go to state 136
    QM           shift, and go to state 137


state 172

  170 function_statement: FUNC IDENTIFER LEFT_PAREN . parameter_list RIGHT_PAREN
  171                   | FUNC IDENTIFER LEFT_PAREN . RIGHT_PAREN

    IDENTIFER    shift, and go to state 221
    RIGHT_PAREN  shift, and go to state 222

    parameter_list  go to state 223


state 173

    4 statement: statement NOINDENT monostatement enclose_statement_stack build_single_statement_stack . execute_single_statement LF

    $default  reduce using rule 20 (execute_single_statement)

    execute_single_statement  go to state 224


state 174

    5 statement: statement NOINDENT foldable_statement build_statement_stack LF .

    $default  reduce using rule 5 (statement)


state 175

   83 binary_expression: expression . ADD expression
   83                  | expression ADD expression .
   84                  | expression . SUB expression
   85                  | expression . MUL expression
   86                  | expression . DIV expression
   87                  | expression . MOD expression
   88                  | expression . AND expression
   89                  | expression . OR expression
   90                  | expression . XOR expression
   91                  | expression . EQ expression
   92                  | expression . NE expression
   93                  | expression . GT expression
   94                  | expression . GE expression
   95                  | expression . LT expression
   96                  | expression . LE expression
   97                  | expression . BIT_AND expression
   98                  | expression . BIT_OR expression
   99                  | expression . BIT_XOR expression
  100                  | expression . QM expression COLON expression

    MUL  shift, and go to state 122
    DIV  shift, and go to state 123
    MOD  shift, and go to state 124
    XOR  shift, and go to state 133
    QM   shift, and go to state 137

    XOR       [reduce using rule 83 (binary_expression)]
    $default  reduce using rule 83 (binary_expression)


state 176

   83 binary_expression: expression . ADD expression
   84                  | expression . SUB expression
   84                  | expression SUB expression .
   85                  | expression . MUL expression
   86                  | expression . DIV expression
   87                  | expression . MOD expression
   88                  | expression . AND expression
   89                  | expression . OR expression
   90                  | expression . XOR expression
   91                  | expression . EQ expression
   92                  | expression . NE expression
   93                  | expression . GT expression
   94                  | expression . GE expression
   95                  | expression . LT expression
   96                  | expression . LE expression
   97                  | expression . BIT_AND expression
   98                  | expression . BIT_OR expression
   99                  | expression . BIT_XOR expression
  100                  | expression . QM expression COLON expression

    MUL  shift, and go to state 122
    DIV  shift, and go to state 123
    MOD  shift, and go to state 124
    XOR  shift, and go to state 133
    QM   shift, and go to state 137

    XOR       [reduce using rule 84 (binary_expression)]
    $default  reduce using rule 84 (binary_expression)


state 177

   83 binary_expression: expression . ADD expression
   84                  | expression . SUB expression
   85                  | expression . MUL expression
   85                  | expression MUL expression .
   86                  | expression . DIV expression
   87                  | expression . MOD expression
   88                  | expression . AND expression
   89                  | expression . OR expression
   90                  | expression . XOR expression
   91                  | expression . EQ expression
   92                  | expression . NE expression
   93                  | expression . GT expression
   94                  | expression . GE expression
   95                  | expression . LT expression
   96                  | expression . LE expression
   97                  | expression . BIT_AND expression
   98                  | expression . BIT_OR expression
   99                  | expression . BIT_XOR expression
  100                  | expression . QM expression COLON expression

    XOR  shift, and go to state 133
    QM   shift, and go to state 137

    XOR       [reduce using rule 85 (binary_expression)]
    $default  reduce using rule 85 (binary_expression)


state 178

   83 binary_expression: expression . ADD expression
   84                  | expression . SUB expression
   85                  | expression . MUL expression
   86                  | expression . DIV expression
   86                  | expression DIV expression .
   87                  | expression . MOD expression
   88                  | expression . AND expression
   89                  | expression . OR expression
   90                  | expression . XOR expression
   91                  | expression . EQ expression
   92                  | expression . NE expression
   93                  | expression . GT expression
   94                  | expression . GE expression
   95                  | expression . LT expression
   96                  | expression . LE expression
   97                  | expression . BIT_AND expression
   98                  | expression . BIT_OR expression
   99                  | expression . BIT_XOR expression
  100                  | expression . QM expression COLON expression

    XOR  shift, and go to state 133
    QM   shift, and go to state 137

    XOR       [reduce using rule 86 (binary_expression)]
    $default  reduce using rule 86 (binary_expression)


state 179

   83 binary_expression: expression . ADD expression
   84                  | expression . SUB expression
   85                  | expression . MUL expression
   86                  | expression . DIV expression
   87                  | expression . MOD expression
   87                  | expression MOD expression .
   88                  | expression . AND expression
   89                  | expression . OR expression
   90                  | expression . XOR expression
   91                  | expression . EQ expression
   92                  | expression . NE expression
   93                  | expression . GT expression
   94                  | expression . GE expression
   95                  | expression . LT expression
   96                  | expression . LE expression
   97                  | expression . BIT_AND expression
   98                  | expression . BIT_OR expression
   99                  | expression . BIT_XOR expression
  100                  | expression . QM expression COLON expression

    XOR  shift, and go to state 133
    QM   shift, and go to state 137

    XOR       [reduce using rule 87 (binary_expression)]
    $default  reduce using rule 87 (binary_expression)


state 180

   83 binary_expression: expression . ADD expression
   84                  | expression . SUB expression
   85                  | expression . MUL expression
   86                  | expression . DIV expression
   87                  | expression . MOD expression
   88                  | expression . AND expression
   89                  | expression . OR expression
   90                  | expression . XOR expression
   91                  | expression . EQ expression
   91                  | expression EQ expression .
   92                  | expression . NE expression
   93                  | expression . GT expression
   94                  | expression . GE expression
   95                  | expression . LT expression
   96                  | expression . LE expression
   97                  | expression . BIT_AND expression
   98                  | expression . BIT_OR expression
   99                  | expression . BIT_XOR expression
  100                  | expression . QM expression COLON expression

    ADD  shift, and go to state 120
    SUB  shift, and go to state 121
    MUL  shift, and go to state 122
    DIV  shift, and go to state 123
    MOD  shift, and go to state 124
    XOR  shift, and go to state 133
    QM   shift, and go to state 137

    XOR       [reduce using rule 91 (binary_expression)]
    $default  reduce using rule 91 (binary_expression)


state 181

   83 binary_expression: expression . ADD expression
   84                  | expression . SUB expression
   85                  | expression . MUL expression
   86                  | expression . DIV expression
   87                  | expression . MOD expression
   88                  | expression . AND expression
   89                  | expression . OR expression
   90                  | expression . XOR expression
   91                  | expression . EQ expression
   92                  | expression . NE expression
   92                  | expression NE expression .
   93                  | expression . GT expression
   94                  | expression . GE expression
   95                  | expression . LT expression
   96                  | expression . LE expression
   97                  | expression . BIT_AND expression
   98                  | expression . BIT_OR expression
   99                  | expression . BIT_XOR expression
  100                  | expression . QM expression COLON expression

    ADD  shift, and go to state 120
    SUB  shift, and go to state 121
    MUL  shift, and go to state 122
    DIV  shift, and go to state 123
    MOD  shift, and go to state 124
    XOR  shift, and go to state 133
    QM   shift, and go to state 137

    XOR       [reduce using rule 92 (binary_expression)]
    $default  reduce using rule 92 (binary_expression)


state 182

   83 binary_expression: expression . ADD expression
   84                  | expression . SUB expression
   85                  | expression . MUL expression
   86                  | expression . DIV expression
   87                  | expression . MOD expression
   88                  | expression . AND expression
   89                  | expression . OR expression
   90                  | expression . XOR expression
   91                  | expression . EQ expression
   92                  | expression . NE expression
   93                  | expression . GT expression
   93                  | expression GT expression .
   94                  | expression . GE expression
   95                  | expression . LT expression
   96                  | expression . LE expression
   97                  | expression . BIT_AND expression
   98                  | expression . BIT_OR expression
   99                  | expression . BIT_XOR expression
  100                  | expression . QM expression COLON expression

    ADD  shift, and go to state 120
    SUB  shift, and go to state 121
    MUL  shift, and go to state 122
    DIV  shift, and go to state 123
    MOD  shift, and go to state 124
    XOR  shift, and go to state 133
    QM   shift, and go to state 137

    XOR       [reduce using rule 93 (binary_expression)]
    $default  reduce using rule 93 (binary_expression)


state 183

   83 binary_expression: expression . ADD expression
   84                  | expression . SUB expression
   85                  | expression . MUL expression
   86                  | expression . DIV expression
   87                  | expression . MOD expression
   88                  | expression . AND expression
   89                  | expression . OR expression
   90                  | expression . XOR expression
   91                  | expression . EQ expression
   92                  | expression . NE expression
   93                  | expression . GT expression
   94                  | expression . GE expression
   94                  | expression GE expression .
   95                  | expression . LT expression
   96                  | expression . LE expression
   97                  | expression . BIT_AND expression
   98                  | expression . BIT_OR expression
   99                  | expression . BIT_XOR expression
  100                  | expression . QM expression COLON expression

    ADD  shift, and go to state 120
    SUB  shift, and go to state 121
    MUL  shift, and go to state 122
    DIV  shift, and go to state 123
    MOD  shift, and go to state 124
    XOR  shift, and go to state 133
    QM   shift, and go to state 137

    XOR       [reduce using rule 94 (binary_expression)]
    $default  reduce using rule 94 (binary_expression)


state 184

   83 binary_expression: expression . ADD expression
   84                  | expression . SUB expression
   85                  | expression . MUL expression
   86                  | expression . DIV expression
   87                  | expression . MOD expression
   88                  | expression . AND expression
   89                  | expression . OR expression
   90                  | expression . XOR expression
   91                  | expression . EQ expression
   92                  | expression . NE expression
   93                  | expression . GT expression
   94                  | expression . GE expression
   95                  | expression . LT expression
   95                  | expression LT expression .
   96                  | expression . LE expression
   97                  | expression . BIT_AND expression
   98                  | expression . BIT_OR expression
   99                  | expression . BIT_XOR expression
  100                  | expression . QM expression COLON expression

    ADD  shift, and go to state 120
    SUB  shift, and go to state 121
    MUL  shift, and go to state 122
    DIV  shift, and go to state 123
    MOD  shift, and go to state 124
    XOR  shift, and go to state 133
    QM   shift, and go to state 137

    XOR       [reduce using rule 95 (binary_expression)]
    $default  reduce using rule 95 (binary_expression)


state 185

   83 binary_expression: expression . ADD expression
   84                  | expression . SUB expression
   85                  | expression . MUL expression
   86                  | expression . DIV expression
   87                  | expression . MOD expression
   88                  | expression . AND expression
   89                  | expression . OR expression
   90                  | expression . XOR expression
   91                  | expression . EQ expression
   92                  | expression . NE expression
   93                  | expression . GT expression
   94                  | expression . GE expression
   95                  | expression . LT expression
   96                  | expression . LE expression
   96                  | expression LE expression .
   97                  | expression . BIT_AND expression
   98                  | expression . BIT_OR expression
   99                  | expression . BIT_XOR expression
  100                  | expression . QM expression COLON expression

    ADD  shift, and go to state 120
    SUB  shift, and go to state 121
    MUL  shift, and go to state 122
    DIV  shift, and go to state 123
    MOD  shift, and go to state 124
    XOR  shift, and go to state 133
    QM   shift, and go to state 137

    XOR       [reduce using rule 96 (binary_expression)]
    $default  reduce using rule 96 (binary_expression)


state 186

   83 binary_expression: expression . ADD expression
   84                  | expression . SUB expression
   85                  | expression . MUL expression
   86                  | expression . DIV expression
   87                  | expression . MOD expression
   88                  | expression . AND expression
   88                  | expression AND expression .
   89                  | expression . OR expression
   90                  | expression . XOR expression
   91                  | expression . EQ expression
   92                  | expression . NE expression
   93                  | expression . GT expression
   94                  | expression . GE expression
   95                  | expression . LT expression
   96                  | expression . LE expression
   97                  | expression . BIT_AND expression
   98                  | expression . BIT_OR expression
   99                  | expression . BIT_XOR expression
  100                  | expression . QM expression COLON expression

    ADD      shift, and go to state 120
    SUB      shift, and go to state 121
    MUL      shift, and go to state 122
    DIV      shift, and go to state 123
    MOD      shift, and go to state 124
    EQ       shift, and go to state 125
    NE       shift, and go to state 126
    GT       shift, and go to state 127
    GE       shift, and go to state 128
    LT       shift, and go to state 129
    LE       shift, and go to state 130
    XOR      shift, and go to state 133
    BIT_AND  shift, and go to state 134
    BIT_OR   shift, and go to state 135
    BIT_XOR  shift, and go to state 136
    QM       shift, and go to state 137

    XOR       [reduce using rule 88 (binary_expression)]
    $default  reduce using rule 88 (binary_expression)


state 187

   83 binary_expression: expression . ADD expression
   84                  | expression . SUB expression
   85                  | expression . MUL expression
   86                  | expression . DIV expression
   87                  | expression . MOD expression
   88                  | expression . AND expression
   89                  | expression . OR expression
   89                  | expression OR expression .
   90                  | expression . XOR expression
   91                  | expression . EQ expression
   92                  | expression . NE expression
   93                  | expression . GT expression
   94                  | expression . GE expression
   95                  | expression . LT expression
   96                  | expression . LE expression
   97                  | expression . BIT_AND expression
   98                  | expression . BIT_OR expression
   99                  | expression . BIT_XOR expression
  100                  | expression . QM expression COLON expression

    ADD      shift, and go to state 120
    SUB      shift, and go to state 121
    MUL      shift, and go to state 122
    DIV      shift, and go to state 123
    MOD      shift, and go to state 124
    EQ       shift, and go to state 125
    NE       shift, and go to state 126
    GT       shift, and go to state 127
    GE       shift, and go to state 128
    LT       shift, and go to state 129
    LE       shift, and go to state 130
    AND      shift, and go to state 131
    XOR      shift, and go to state 133
    BIT_AND  shift, and go to state 134
    BIT_OR   shift, and go to state 135
    BIT_XOR  shift, and go to state 136
    QM       shift, and go to state 137

    XOR       [reduce using rule 89 (binary_expression)]
    $default  reduce using rule 89 (binary_expression)


state 188

   83 binary_expression: expression . ADD expression
   84                  | expression . SUB expression
   85                  | expression . MUL expression
   86                  | expression . DIV expression
   87                  | expression . MOD expression
   88                  | expression . AND expression
   89                  | expression . OR expression
   90                  | expression . XOR expression
   90                  | expression XOR expression .
   91                  | expression . EQ expression
   92                  | expression . NE expression
   93                  | expression . GT expression
   94                  | expression . GE expression
   95                  | expression . LT expression
   96                  | expression . LE expression
   97                  | expression . BIT_AND expression
   98                  | expression . BIT_OR expression
   99                  | expression . BIT_XOR expression
  100                  | expression . QM expression COLON expression

    ADD      shift, and go to state 120
    SUB      shift, and go to state 121
    MUL      shift, and go to state 122
    DIV      shift, and go to state 123
    MOD      shift, and go to state 124
    EQ       shift, and go to state 125
    NE       shift, and go to state 126
    GT       shift, and go to state 127
    GE       shift, and go to state 128
    LT       shift, and go to state 129
    LE       shift, and go to state 130
    AND      shift, and go to state 131
    OR       shift, and go to state 132
    XOR      shift, and go to state 133
    BIT_AND  shift, and go to state 134
    BIT_OR   shift, and go to state 135
    BIT_XOR  shift, and go to state 136
    QM       shift, and go to state 137

    ADD       [reduce using rule 90 (binary_expression)]
    SUB       [reduce using rule 90 (binary_expression)]
    MUL       [reduce using rule 90 (binary_expression)]
    DIV       [reduce using rule 90 (binary_expression)]
    MOD       [reduce using rule 90 (binary_expression)]
    EQ        [reduce using rule 90 (binary_expression)]
    NE        [reduce using rule 90 (binary_expression)]
    GT        [reduce using rule 90 (binary_expression)]
    GE        [reduce using rule 90 (binary_expression)]
    LT        [reduce using rule 90 (binary_expression)]
    LE        [reduce using rule 90 (binary_expression)]
    AND       [reduce using rule 90 (binary_expression)]
    OR        [reduce using rule 90 (binary_expression)]
    XOR       [reduce using rule 90 (binary_expression)]
    BIT_AND   [reduce using rule 90 (binary_expression)]
    BIT_OR    [reduce using rule 90 (binary_expression)]
    BIT_XOR   [reduce using rule 90 (binary_expression)]
    QM        [reduce using rule 90 (binary_expression)]
    $default  reduce using rule 90 (binary_expression)


state 189

   83 binary_expression: expression . ADD expression
   84                  | expression . SUB expression
   85                  | expression . MUL expression
   86                  | expression . DIV expression
   87                  | expression . MOD expression
   88                  | expression . AND expression
   89                  | expression . OR expression
   90                  | expression . XOR expression
   91                  | expression . EQ expression
   92                  | expression . NE expression
   93                  | expression . GT expression
   94                  | expression . GE expression
   95                  | expression . LT expression
   96                  | expression . LE expression
   97                  | expression . BIT_AND expression
   97                  | expression BIT_AND expression .
   98                  | expression . BIT_OR expression
   99                  | expression . BIT_XOR expression
  100                  | expression . QM expression COLON expression

    ADD  shift, and go to state 120
    SUB  shift, and go to state 121
    MUL  shift, and go to state 122
    DIV  shift, and go to state 123
    MOD  shift, and go to state 124
    EQ   shift, and go to state 125
    NE   shift, and go to state 126
    GT   shift, and go to state 127
    GE   shift, and go to state 128
    LT   shift, and go to state 129
    LE   shift, and go to state 130
    XOR  shift, and go to state 133
    QM   shift, and go to state 137

    XOR       [reduce using rule 97 (binary_expression)]
    $default  reduce using rule 97 (binary_expression)


state 190

   83 binary_expression: expression . ADD expression
   84                  | expression . SUB expression
   85                  | expression . MUL expression
   86                  | expression . DIV expression
   87                  | expression . MOD expression
   88                  | expression . AND expression
   89                  | expression . OR expression
   90                  | expression . XOR expression
   91                  | expression . EQ expression
   92                  | expression . NE expression
   93                  | expression . GT expression
   94                  | expression . GE expression
   95                  | expression . LT expression
   96                  | expression . LE expression
   97                  | expression . BIT_AND expression
   98                  | expression . BIT_OR expression
   98                  | expression BIT_OR expression .
   99                  | expression . BIT_XOR expression
  100                  | expression . QM expression COLON expression

    ADD      shift, and go to state 120
    SUB      shift, and go to state 121
    MUL      shift, and go to state 122
    DIV      shift, and go to state 123
    MOD      shift, and go to state 124
    EQ       shift, and go to state 125
    NE       shift, and go to state 126
    GT       shift, and go to state 127
    GE       shift, and go to state 128
    LT       shift, and go to state 129
    LE       shift, and go to state 130
    XOR      shift, and go to state 133
    BIT_AND  shift, and go to state 134
    BIT_XOR  shift, and go to state 136
    QM       shift, and go to state 137

    XOR       [reduce using rule 98 (binary_expression)]
    $default  reduce using rule 98 (binary_expression)


state 191

   83 binary_expression: expression . ADD expression
   84                  | expression . SUB expression
   85                  | expression . MUL expression
   86                  | expression . DIV expression
   87                  | expression . MOD expression
   88                  | expression . AND expression
   89                  | expression . OR expression
   90                  | expression . XOR expression
   91                  | expression . EQ expression
   92                  | expression . NE expression
   93                  | expression . GT expression
   94                  | expression . GE expression
   95                  | expression . LT expression
   96                  | expression . LE expression
   97                  | expression . BIT_AND expression
   98                  | expression . BIT_OR expression
   99                  | expression . BIT_XOR expression
   99                  | expression BIT_XOR expression .
  100                  | expression . QM expression COLON expression

    ADD      shift, and go to state 120
    SUB      shift, and go to state 121
    MUL      shift, and go to state 122
    DIV      shift, and go to state 123
    MOD      shift, and go to state 124
    EQ       shift, and go to state 125
    NE       shift, and go to state 126
    GT       shift, and go to state 127
    GE       shift, and go to state 128
    LT       shift, and go to state 129
    LE       shift, and go to state 130
    XOR      shift, and go to state 133
    BIT_AND  shift, and go to state 134
    QM       shift, and go to state 137

    XOR       [reduce using rule 99 (binary_expression)]
    $default  reduce using rule 99 (binary_expression)


state 192

   83 binary_expression: expression . ADD expression
   84                  | expression . SUB expression
   85                  | expression . MUL expression
   86                  | expression . DIV expression
   87                  | expression . MOD expression
   88                  | expression . AND expression
   89                  | expression . OR expression
   90                  | expression . XOR expression
   91                  | expression . EQ expression
   92                  | expression . NE expression
   93                  | expression . GT expression
   94                  | expression . GE expression
   95                  | expression . LT expression
   96                  | expression . LE expression
   97                  | expression . BIT_AND expression
   98                  | expression . BIT_OR expression
   99                  | expression . BIT_XOR expression
  100                  | expression . QM expression COLON expression
  100                  | expression QM expression . COLON expression

    COLON    shift, and go to state 225
    ADD      shift, and go to state 120
    SUB      shift, and go to state 121
    MUL      shift, and go to state 122
    DIV      shift, and go to state 123
    MOD      shift, and go to state 124
    EQ       shift, and go to state 125
    NE       shift, and go to state 126
    GT       shift, and go to state 127
    GE       shift, and go to state 128
    LT       shift, and go to state 129
    LE       shift, and go to state 130
    AND      shift, and go to state 131
    OR       shift, and go to state 132
    XOR      shift, and go to state 133
    BIT_AND  shift, and go to state 134
    BIT_OR   shift, and go to state 135
    BIT_XOR  shift, and go to state 136
    QM       shift, and go to state 137


state 193

  110 lvalue_expression: lvalue_expression DOT IDENTIFER .
  124 function_expression: IDENTIFER . LEFT_PAREN argument_list RIGHT_PAREN
  125                    | IDENTIFER . LEFT_PAREN RIGHT_PAREN

    LEFT_PAREN  shift, and go to state 91

    LEFT_PAREN  [reduce using rule 110 (lvalue_expression)]
    $default    reduce using rule 110 (lvalue_expression)


state 194

  112 lvalue_expression: lvalue_expression DOT function_expression .

    $default  reduce using rule 112 (lvalue_expression)


state 195

   68 assign_expression: lvalue_expression ASSIGN expression .
   83 binary_expression: expression . ADD expression
   84                  | expression . SUB expression
   85                  | expression . MUL expression
   86                  | expression . DIV expression
   87                  | expression . MOD expression
   88                  | expression . AND expression
   89                  | expression . OR expression
   90                  | expression . XOR expression
   91                  | expression . EQ expression
   92                  | expression . NE expression
   93                  | expression . GT expression
   94                  | expression . GE expression
   95                  | expression . LT expression
   96                  | expression . LE expression
   97                  | expression . BIT_AND expression
   98                  | expression . BIT_OR expression
   99                  | expression . BIT_XOR expression
  100                  | expression . QM expression COLON expression

    ADD      shift, and go to state 120
    SUB      shift, and go to state 121
    MUL      shift, and go to state 122
    DIV      shift, and go to state 123
    MOD      shift, and go to state 124
    EQ       shift, and go to state 125
    NE       shift, and go to state 126
    GT       shift, and go to state 127
    GE       shift, and go to state 128
    LT       shift, and go to state 129
    LE       shift, and go to state 130
    AND      shift, and go to state 131
    OR       shift, and go to state 132
    XOR      shift, and go to state 133
    BIT_AND  shift, and go to state 134
    BIT_OR   shift, and go to state 135
    BIT_XOR  shift, and go to state 136
    QM       shift, and go to state 137

    XOR       [reduce using rule 68 (assign_expression)]
    $default  reduce using rule 68 (assign_expression)


state 196

   69 assign_expression: lvalue_expression ADD_ASSIGN expression .
   83 binary_expression: expression . ADD expression
   84                  | expression . SUB expression
   85                  | expression . MUL expression
   86                  | expression . DIV expression
   87                  | expression . MOD expression
   88                  | expression . AND expression
   89                  | expression . OR expression
   90                  | expression . XOR expression
   91                  | expression . EQ expression
   92                  | expression . NE expression
   93                  | expression . GT expression
   94                  | expression . GE expression
   95                  | expression . LT expression
   96                  | expression . LE expression
   97                  | expression . BIT_AND expression
   98                  | expression . BIT_OR expression
   99                  | expression . BIT_XOR expression
  100                  | expression . QM expression COLON expression

    ADD      shift, and go to state 120
    SUB      shift, and go to state 121
    MUL      shift, and go to state 122
    DIV      shift, and go to state 123
    MOD      shift, and go to state 124
    EQ       shift, and go to state 125
    NE       shift, and go to state 126
    GT       shift, and go to state 127
    GE       shift, and go to state 128
    LT       shift, and go to state 129
    LE       shift, and go to state 130
    AND      shift, and go to state 131
    OR       shift, and go to state 132
    XOR      shift, and go to state 133
    BIT_AND  shift, and go to state 134
    BIT_OR   shift, and go to state 135
    BIT_XOR  shift, and go to state 136
    QM       shift, and go to state 137

    XOR       [reduce using rule 69 (assign_expression)]
    $default  reduce using rule 69 (assign_expression)


state 197

   70 assign_expression: lvalue_expression SUB_ASSIGN expression .
   83 binary_expression: expression . ADD expression
   84                  | expression . SUB expression
   85                  | expression . MUL expression
   86                  | expression . DIV expression
   87                  | expression . MOD expression
   88                  | expression . AND expression
   89                  | expression . OR expression
   90                  | expression . XOR expression
   91                  | expression . EQ expression
   92                  | expression . NE expression
   93                  | expression . GT expression
   94                  | expression . GE expression
   95                  | expression . LT expression
   96                  | expression . LE expression
   97                  | expression . BIT_AND expression
   98                  | expression . BIT_OR expression
   99                  | expression . BIT_XOR expression
  100                  | expression . QM expression COLON expression

    ADD      shift, and go to state 120
    SUB      shift, and go to state 121
    MUL      shift, and go to state 122
    DIV      shift, and go to state 123
    MOD      shift, and go to state 124
    EQ       shift, and go to state 125
    NE       shift, and go to state 126
    GT       shift, and go to state 127
    GE       shift, and go to state 128
    LT       shift, and go to state 129
    LE       shift, and go to state 130
    AND      shift, and go to state 131
    OR       shift, and go to state 132
    XOR      shift, and go to state 133
    BIT_AND  shift, and go to state 134
    BIT_OR   shift, and go to state 135
    BIT_XOR  shift, and go to state 136
    QM       shift, and go to state 137

    XOR       [reduce using rule 70 (assign_expression)]
    $default  reduce using rule 70 (assign_expression)


state 198

   71 assign_expression: lvalue_expression MUL_ASSIGN expression .
   83 binary_expression: expression . ADD expression
   84                  | expression . SUB expression
   85                  | expression . MUL expression
   86                  | expression . DIV expression
   87                  | expression . MOD expression
   88                  | expression . AND expression
   89                  | expression . OR expression
   90                  | expression . XOR expression
   91                  | expression . EQ expression
   92                  | expression . NE expression
   93                  | expression . GT expression
   94                  | expression . GE expression
   95                  | expression . LT expression
   96                  | expression . LE expression
   97                  | expression . BIT_AND expression
   98                  | expression . BIT_OR expression
   99                  | expression . BIT_XOR expression
  100                  | expression . QM expression COLON expression

    ADD      shift, and go to state 120
    SUB      shift, and go to state 121
    MUL      shift, and go to state 122
    DIV      shift, and go to state 123
    MOD      shift, and go to state 124
    EQ       shift, and go to state 125
    NE       shift, and go to state 126
    GT       shift, and go to state 127
    GE       shift, and go to state 128
    LT       shift, and go to state 129
    LE       shift, and go to state 130
    AND      shift, and go to state 131
    OR       shift, and go to state 132
    XOR      shift, and go to state 133
    BIT_AND  shift, and go to state 134
    BIT_OR   shift, and go to state 135
    BIT_XOR  shift, and go to state 136
    QM       shift, and go to state 137

    XOR       [reduce using rule 71 (assign_expression)]
    $default  reduce using rule 71 (assign_expression)


state 199

   72 assign_expression: lvalue_expression DIV_ASSIGN expression .
   83 binary_expression: expression . ADD expression
   84                  | expression . SUB expression
   85                  | expression . MUL expression
   86                  | expression . DIV expression
   87                  | expression . MOD expression
   88                  | expression . AND expression
   89                  | expression . OR expression
   90                  | expression . XOR expression
   91                  | expression . EQ expression
   92                  | expression . NE expression
   93                  | expression . GT expression
   94                  | expression . GE expression
   95                  | expression . LT expression
   96                  | expression . LE expression
   97                  | expression . BIT_AND expression
   98                  | expression . BIT_OR expression
   99                  | expression . BIT_XOR expression
  100                  | expression . QM expression COLON expression

    ADD      shift, and go to state 120
    SUB      shift, and go to state 121
    MUL      shift, and go to state 122
    DIV      shift, and go to state 123
    MOD      shift, and go to state 124
    EQ       shift, and go to state 125
    NE       shift, and go to state 126
    GT       shift, and go to state 127
    GE       shift, and go to state 128
    LT       shift, and go to state 129
    LE       shift, and go to state 130
    AND      shift, and go to state 131
    OR       shift, and go to state 132
    XOR      shift, and go to state 133
    BIT_AND  shift, and go to state 134
    BIT_OR   shift, and go to state 135
    BIT_XOR  shift, and go to state 136
    QM       shift, and go to state 137

    XOR       [reduce using rule 72 (assign_expression)]
    $default  reduce using rule 72 (assign_expression)


state 200

   73 assign_expression: lvalue_expression MOD_ASSIGN expression .
   83 binary_expression: expression . ADD expression
   84                  | expression . SUB expression
   85                  | expression . MUL expression
   86                  | expression . DIV expression
   87                  | expression . MOD expression
   88                  | expression . AND expression
   89                  | expression . OR expression
   90                  | expression . XOR expression
   91                  | expression . EQ expression
   92                  | expression . NE expression
   93                  | expression . GT expression
   94                  | expression . GE expression
   95                  | expression . LT expression
   96                  | expression . LE expression
   97                  | expression . BIT_AND expression
   98                  | expression . BIT_OR expression
   99                  | expression . BIT_XOR expression
  100                  | expression . QM expression COLON expression

    ADD      shift, and go to state 120
    SUB      shift, and go to state 121
    MUL      shift, and go to state 122
    DIV      shift, and go to state 123
    MOD      shift, and go to state 124
    EQ       shift, and go to state 125
    NE       shift, and go to state 126
    GT       shift, and go to state 127
    GE       shift, and go to state 128
    LT       shift, and go to state 129
    LE       shift, and go to state 130
    AND      shift, and go to state 131
    OR       shift, and go to state 132
    XOR      shift, and go to state 133
    BIT_AND  shift, and go to state 134
    BIT_OR   shift, and go to state 135
    BIT_XOR  shift, and go to state 136
    QM       shift, and go to state 137

    XOR       [reduce using rule 73 (assign_expression)]
    $default  reduce using rule 73 (assign_expression)


state 201

  141 evaluate_list: LEFT_QUAD COLON . expression RIGHT_QUAD
  142              | LEFT_QUAD COLON . expression COLON RIGHT_QUAD
  143              | LEFT_QUAD COLON . expression COLON expression RIGHT_QUAD
  144              | LEFT_QUAD COLON . COLON RIGHT_QUAD

    INT_LTR           shift, and go to state 17
    BLN_LTR           shift, and go to state 18
    FLT_LTR           shift, and go to state 19
    STR_LTR           shift, and go to state 20
    NLL_LTR           shift, and go to state 21
    SHORTCUT_PRINTLN  shift, and go to state 22
    IDENTIFER         shift, and go to state 23
    LEFT_PAREN        shift, and go to state 26
    LEFT_QUAD         shift, and go to state 27
    COLON             shift, and go to state 226
    ADD               shift, and go to state 28
    SUB               shift, and go to state 29
    NOT               shift, and go to state 30
    BIT_NOT           shift, and go to state 31
    INCREMENT         shift, and go to state 32
    DECREMENT         shift, and go to state 33

    expression                   go to state 227
    lvalue_operation_expression  go to state 45
    assign_expression            go to state 46
    self_operation_expression    go to state 47
    unary_expression             go to state 48
    binary_expression            go to state 49
    shortcut_expression          go to state 50
    value_expression             go to state 51
    lvalue_expression            go to state 52
    array_expression             go to state 53
    function_expression          go to state 56


state 202

   83 binary_expression: expression . ADD expression
   84                  | expression . SUB expression
   85                  | expression . MUL expression
   86                  | expression . DIV expression
   87                  | expression . MOD expression
   88                  | expression . AND expression
   89                  | expression . OR expression
   90                  | expression . XOR expression
   91                  | expression . EQ expression
   92                  | expression . NE expression
   93                  | expression . GT expression
   94                  | expression . GE expression
   95                  | expression . LT expression
   96                  | expression . LE expression
   97                  | expression . BIT_AND expression
   98                  | expression . BIT_OR expression
   99                  | expression . BIT_XOR expression
  100                  | expression . QM expression COLON expression
  134 evaluate_list: LEFT_QUAD expression . RIGHT_QUAD
  135              | LEFT_QUAD expression . COLON expression RIGHT_QUAD
  136              | LEFT_QUAD expression . COLON expression COLON RIGHT_QUAD
  137              | LEFT_QUAD expression . COLON expression COLON expression RIGHT_QUAD
  138              | LEFT_QUAD expression . COLON RIGHT_QUAD
  139              | LEFT_QUAD expression . COLON COLON RIGHT_QUAD
  140              | LEFT_QUAD expression . COLON COLON expression RIGHT_QUAD

    RIGHT_QUAD  shift, and go to state 228
    COLON       shift, and go to state 229
    ADD         shift, and go to state 120
    SUB         shift, and go to state 121
    MUL         shift, and go to state 122
    DIV         shift, and go to state 123
    MOD         shift, and go to state 124
    EQ          shift, and go to state 125
    NE          shift, and go to state 126
    GT          shift, and go to state 127
    GE          shift, and go to state 128
    LT          shift, and go to state 129
    LE          shift, and go to state 130
    AND         shift, and go to state 131
    OR          shift, and go to state 132
    XOR         shift, and go to state 133
    BIT_AND     shift, and go to state 134
    BIT_OR      shift, and go to state 135
    BIT_XOR     shift, and go to state 136
    QM          shift, and go to state 137


state 203

  145 evaluate_list: evaluate_list LEFT_QUAD . expression RIGHT_QUAD
  146              | evaluate_list LEFT_QUAD . expression COLON expression RIGHT_QUAD
  147              | evaluate_list LEFT_QUAD . expression COLON expression COLON RIGHT_QUAD
  148              | evaluate_list LEFT_QUAD . expression COLON expression COLON expression RIGHT_QUAD
  149              | evaluate_list LEFT_QUAD . expression COLON RIGHT_QUAD
  150              | evaluate_list LEFT_QUAD . expression COLON COLON RIGHT_QUAD
  151              | evaluate_list LEFT_QUAD . expression COLON COLON expression RIGHT_QUAD
  152              | evaluate_list LEFT_QUAD . COLON expression RIGHT_QUAD
  153              | evaluate_list LEFT_QUAD . COLON expression COLON RIGHT_QUAD
  154              | evaluate_list LEFT_QUAD . COLON expression COLON expression RIGHT_QUAD
  155              | evaluate_list LEFT_QUAD . COLON COLON RIGHT_QUAD

    INT_LTR           shift, and go to state 17
    BLN_LTR           shift, and go to state 18
    FLT_LTR           shift, and go to state 19
    STR_LTR           shift, and go to state 20
    NLL_LTR           shift, and go to state 21
    SHORTCUT_PRINTLN  shift, and go to state 22
    IDENTIFER         shift, and go to state 23
    LEFT_PAREN        shift, and go to state 26
    LEFT_QUAD         shift, and go to state 27
    COLON             shift, and go to state 230
    ADD               shift, and go to state 28
    SUB               shift, and go to state 29
    NOT               shift, and go to state 30
    BIT_NOT           shift, and go to state 31
    INCREMENT         shift, and go to state 32
    DECREMENT         shift, and go to state 33

    expression                   go to state 231
    lvalue_operation_expression  go to state 45
    assign_expression            go to state 46
    self_operation_expression    go to state 47
    unary_expression             go to state 48
    binary_expression            go to state 49
    shortcut_expression          go to state 50
    value_expression             go to state 51
    lvalue_expression            go to state 52
    array_expression             go to state 53
    function_expression          go to state 56


state 204

    6 statement: statement INDENT single_statement LF check_indent . build_statement_stack
    9          | statement INDENT single_statement LF check_indent . build_statement_stack

    $default  reduce using rule 16 (build_statement_stack)

    build_statement_stack  go to state 232


state 205

    8 statement: statement close_execute_last_statement @1 single_statement LF . check_indent build_statement_stack execute_single_statement

    $default  reduce using rule 14 (check_indent)

    check_indent  go to state 233


state 206

  172 function_statement: SHARED FUNC IDENTIFER LEFT_PAREN . parameter_list RIGHT_PAREN
  173                   | SHARED FUNC IDENTIFER LEFT_PAREN . RIGHT_PAREN

    IDENTIFER    shift, and go to state 221
    RIGHT_PAREN  shift, and go to state 234

    parameter_list  go to state 235


state 207

   83 binary_expression: expression . ADD expression
   84                  | expression . SUB expression
   85                  | expression . MUL expression
   86                  | expression . DIV expression
   87                  | expression . MOD expression
   88                  | expression . AND expression
   89                  | expression . OR expression
   90                  | expression . XOR expression
   91                  | expression . EQ expression
   92                  | expression . NE expression
   93                  | expression . GT expression
   94                  | expression . GE expression
   95                  | expression . LT expression
   96                  | expression . LE expression
   97                  | expression . BIT_AND expression
   98                  | expression . BIT_OR expression
   99                  | expression . BIT_XOR expression
  100                  | expression . QM expression COLON expression
  116 element_list: element_list COMMA expression .

    ADD      shift, and go to state 120
    SUB      shift, and go to state 121
    MUL      shift, and go to state 122
    DIV      shift, and go to state 123
    MOD      shift, and go to state 124
    EQ       shift, and go to state 125
    NE       shift, and go to state 126
    GT       shift, and go to state 127
    GE       shift, and go to state 128
    LT       shift, and go to state 129
    LE       shift, and go to state 130
    AND      shift, and go to state 131
    OR       shift, and go to state 132
    XOR      shift, and go to state 133
    BIT_AND  shift, and go to state 134
    BIT_OR   shift, and go to state 135
    BIT_XOR  shift, and go to state 136
    QM       shift, and go to state 137

    XOR       [reduce using rule 116 (element_list)]
    $default  reduce using rule 116 (element_list)


state 208

  127 argument_list: IDENTIFER COLON . expression

    INT_LTR           shift, and go to state 17
    BLN_LTR           shift, and go to state 18
    FLT_LTR           shift, and go to state 19
    STR_LTR           shift, and go to state 20
    NLL_LTR           shift, and go to state 21
    SHORTCUT_PRINTLN  shift, and go to state 22
    IDENTIFER         shift, and go to state 23
    LEFT_PAREN        shift, and go to state 26
    LEFT_QUAD         shift, and go to state 27
    ADD               shift, and go to state 28
    SUB               shift, and go to state 29
    NOT               shift, and go to state 30
    BIT_NOT           shift, and go to state 31
    INCREMENT         shift, and go to state 32
    DECREMENT         shift, and go to state 33

    expression                   go to state 236
    lvalue_operation_expression  go to state 45
    assign_expression            go to state 46
    self_operation_expression    go to state 47
    unary_expression             go to state 48
    binary_expression            go to state 49
    shortcut_expression          go to state 50
    value_expression             go to state 51
    lvalue_expression            go to state 52
    array_expression             go to state 53
    function_expression          go to state 56


state 209

  124 function_expression: IDENTIFER LEFT_PAREN argument_list RIGHT_PAREN .

    $default  reduce using rule 124 (function_expression)


state 210

  128 argument_list: argument_list COMMA . expression
  129              | argument_list COMMA . IDENTIFER COLON expression

    INT_LTR           shift, and go to state 17
    BLN_LTR           shift, and go to state 18
    FLT_LTR           shift, and go to state 19
    STR_LTR           shift, and go to state 20
    NLL_LTR           shift, and go to state 21
    SHORTCUT_PRINTLN  shift, and go to state 22
    IDENTIFER         shift, and go to state 237
    LEFT_PAREN        shift, and go to state 26
    LEFT_QUAD         shift, and go to state 27
    ADD               shift, and go to state 28
    SUB               shift, and go to state 29
    NOT               shift, and go to state 30
    BIT_NOT           shift, and go to state 31
    INCREMENT         shift, and go to state 32
    DECREMENT         shift, and go to state 33

    expression                   go to state 238
    lvalue_operation_expression  go to state 45
    assign_expression            go to state 46
    self_operation_expression    go to state 47
    unary_expression             go to state 48
    binary_expression            go to state 49
    shortcut_expression          go to state 50
    value_expression             go to state 51
    lvalue_expression            go to state 52
    array_expression             go to state 53
    function_expression          go to state 56


state 211

   83 binary_expression: expression . ADD expression
   84                  | expression . SUB expression
   85                  | expression . MUL expression
   86                  | expression . DIV expression
   87                  | expression . MOD expression
   88                  | expression . AND expression
   89                  | expression . OR expression
   90                  | expression . XOR expression
   91                  | expression . EQ expression
   92                  | expression . NE expression
   93                  | expression . GT expression
   94                  | expression . GE expression
   95                  | expression . LT expression
   96                  | expression . LE expression
   97                  | expression . BIT_AND expression
   98                  | expression . BIT_OR expression
   99                  | expression . BIT_XOR expression
  100                  | expression . QM expression COLON expression
  121 assign_list: IDENTIFER ASSIGN expression .

    ADD      shift, and go to state 120
    SUB      shift, and go to state 121
    MUL      shift, and go to state 122
    DIV      shift, and go to state 123
    MOD      shift, and go to state 124
    EQ       shift, and go to state 125
    NE       shift, and go to state 126
    GT       shift, and go to state 127
    GE       shift, and go to state 128
    LT       shift, and go to state 129
    LE       shift, and go to state 130
    AND      shift, and go to state 131
    OR       shift, and go to state 132
    XOR      shift, and go to state 133
    BIT_AND  shift, and go to state 134
    BIT_OR   shift, and go to state 135
    BIT_XOR  shift, and go to state 136
    QM       shift, and go to state 137

    $default  reduce using rule 121 (assign_list)


state 212

  122 assign_list: assign_list COMMA IDENTIFER .
  123            | assign_list COMMA IDENTIFER . ASSIGN expression

    ASSIGN  shift, and go to state 239

    $default  reduce using rule 122 (assign_list)


state 213

   56 statement_block: LEFT_BRACE RIGHT_BRACE .

    $default  reduce using rule 56 (statement_block)


state 214

   57 block_list: single_statement .

    $default  reduce using rule 57 (block_list)


state 215

   55 statement_block: LEFT_BRACE block_list . RIGHT_BRACE
   58 block_list: block_list . single_statement

    error             shift, and go to state 66
    NOP               shift, and go to state 14
    CLASS             shift, and go to state 15
    SHARED            shift, and go to state 16
    INT_LTR           shift, and go to state 17
    BLN_LTR           shift, and go to state 18
    FLT_LTR           shift, and go to state 19
    STR_LTR           shift, and go to state 20
    NLL_LTR           shift, and go to state 21
    SHORTCUT_PRINTLN  shift, and go to state 22
    IDENTIFER         shift, and go to state 23
    VAR               shift, and go to state 24
    GLOBAL            shift, and go to state 25
    LEFT_PAREN        shift, and go to state 26
    LEFT_QUAD         shift, and go to state 27
    RIGHT_BRACE       shift, and go to state 240
    ADD               shift, and go to state 28
    SUB               shift, and go to state 29
    NOT               shift, and go to state 30
    BIT_NOT           shift, and go to state 31
    INCREMENT         shift, and go to state 32
    DECREMENT         shift, and go to state 33
    IF                shift, and go to state 67
    ELIF              shift, and go to state 68
    ELSE              shift, and go to state 69
    FOR               shift, and go to state 34
    WHILE             shift, and go to state 35
    CONTINUE          shift, and go to state 36
    BREAK             shift, and go to state 37
    FUNC              shift, and go to state 38
    RETURN            shift, and go to state 39

    single_statement             go to state 241
    nop_statement                go to state 71
    expression_statement         go to state 72
    expression                   go to state 44
    lvalue_operation_expression  go to state 45
    assign_expression            go to state 46
    self_operation_expression    go to state 47
    unary_expression             go to state 48
    binary_expression            go to state 49
    shortcut_expression          go to state 50
    value_expression             go to state 51
    lvalue_expression            go to state 52
    array_expression             go to state 53
    var_statement                go to state 73
    global_statement             go to state 74
    function_expression          go to state 56
    if_statement                 go to state 75
    else_statement               go to state 76
    elif_statement               go to state 77
    for_statement                go to state 78
    while_statement              go to state 79
    break_statement              go to state 80
    continue_statement           go to state 81
    function_statement           go to state 82
    class_statement              go to state 83
    return_statement             go to state 84


state 216

  163 do_while_statement: DO structure_statement WHILE . LEFT_PAREN expression_statement RIGHT_PAREN SEMICOLON

    LEFT_PAREN  shift, and go to state 242


state 217

  159 for_statement: FOR single_statement_no_semicolon SEMICOLON expression_statement . SEMICOLON single_statement_no_semicolon

    SEMICOLON  shift, and go to state 243


state 218

  160 for_statement: FOR single_statement_no_semicolon COLON expression_statement . COLON single_statement_no_semicolon

    COLON  shift, and go to state 244


state 219

  167 continue_statement: CONTINUE LEFT_PAREN expression RIGHT_PAREN .

    $default  reduce using rule 167 (continue_statement)


state 220

  165 break_statement: BREAK LEFT_PAREN expression RIGHT_PAREN .

    $default  reduce using rule 165 (break_statement)


state 221

  130 parameter_list: IDENTIFER .
  131               | IDENTIFER . ASSIGN expression

    ASSIGN  shift, and go to state 245

    $default  reduce using rule 130 (parameter_list)


state 222

  171 function_statement: FUNC IDENTIFER LEFT_PAREN RIGHT_PAREN .

    $default  reduce using rule 171 (function_statement)


state 223

  132 parameter_list: parameter_list . COMMA IDENTIFER
  133               | parameter_list . COMMA IDENTIFER ASSIGN expression
  170 function_statement: FUNC IDENTIFER LEFT_PAREN parameter_list . RIGHT_PAREN

    RIGHT_PAREN  shift, and go to state 246
    COMMA        shift, and go to state 247


state 224

    4 statement: statement NOINDENT monostatement enclose_statement_stack build_single_statement_stack execute_single_statement . LF

    LF  shift, and go to state 248


state 225

  100 binary_expression: expression QM expression COLON . expression

    INT_LTR           shift, and go to state 17
    BLN_LTR           shift, and go to state 18
    FLT_LTR           shift, and go to state 19
    STR_LTR           shift, and go to state 20
    NLL_LTR           shift, and go to state 21
    SHORTCUT_PRINTLN  shift, and go to state 22
    IDENTIFER         shift, and go to state 23
    LEFT_PAREN        shift, and go to state 26
    LEFT_QUAD         shift, and go to state 27
    ADD               shift, and go to state 28
    SUB               shift, and go to state 29
    NOT               shift, and go to state 30
    BIT_NOT           shift, and go to state 31
    INCREMENT         shift, and go to state 32
    DECREMENT         shift, and go to state 33

    expression                   go to state 249
    lvalue_operation_expression  go to state 45
    assign_expression            go to state 46
    self_operation_expression    go to state 47
    unary_expression             go to state 48
    binary_expression            go to state 49
    shortcut_expression          go to state 50
    value_expression             go to state 51
    lvalue_expression            go to state 52
    array_expression             go to state 53
    function_expression          go to state 56


state 226

  144 evaluate_list: LEFT_QUAD COLON COLON . RIGHT_QUAD

    RIGHT_QUAD  shift, and go to state 250


state 227

   83 binary_expression: expression . ADD expression
   84                  | expression . SUB expression
   85                  | expression . MUL expression
   86                  | expression . DIV expression
   87                  | expression . MOD expression
   88                  | expression . AND expression
   89                  | expression . OR expression
   90                  | expression . XOR expression
   91                  | expression . EQ expression
   92                  | expression . NE expression
   93                  | expression . GT expression
   94                  | expression . GE expression
   95                  | expression . LT expression
   96                  | expression . LE expression
   97                  | expression . BIT_AND expression
   98                  | expression . BIT_OR expression
   99                  | expression . BIT_XOR expression
  100                  | expression . QM expression COLON expression
  141 evaluate_list: LEFT_QUAD COLON expression . RIGHT_QUAD
  142              | LEFT_QUAD COLON expression . COLON RIGHT_QUAD
  143              | LEFT_QUAD COLON expression . COLON expression RIGHT_QUAD

    RIGHT_QUAD  shift, and go to state 251
    COLON       shift, and go to state 252
    ADD         shift, and go to state 120
    SUB         shift, and go to state 121
    MUL         shift, and go to state 122
    DIV         shift, and go to state 123
    MOD         shift, and go to state 124
    EQ          shift, and go to state 125
    NE          shift, and go to state 126
    GT          shift, and go to state 127
    GE          shift, and go to state 128
    LT          shift, and go to state 129
    LE          shift, and go to state 130
    AND         shift, and go to state 131
    OR          shift, and go to state 132
    XOR         shift, and go to state 133
    BIT_AND     shift, and go to state 134
    BIT_OR      shift, and go to state 135
    BIT_XOR     shift, and go to state 136
    QM          shift, and go to state 137


state 228

  134 evaluate_list: LEFT_QUAD expression RIGHT_QUAD .

    $default  reduce using rule 134 (evaluate_list)


state 229

  135 evaluate_list: LEFT_QUAD expression COLON . expression RIGHT_QUAD
  136              | LEFT_QUAD expression COLON . expression COLON RIGHT_QUAD
  137              | LEFT_QUAD expression COLON . expression COLON expression RIGHT_QUAD
  138              | LEFT_QUAD expression COLON . RIGHT_QUAD
  139              | LEFT_QUAD expression COLON . COLON RIGHT_QUAD
  140              | LEFT_QUAD expression COLON . COLON expression RIGHT_QUAD

    INT_LTR           shift, and go to state 17
    BLN_LTR           shift, and go to state 18
    FLT_LTR           shift, and go to state 19
    STR_LTR           shift, and go to state 20
    NLL_LTR           shift, and go to state 21
    SHORTCUT_PRINTLN  shift, and go to state 22
    IDENTIFER         shift, and go to state 23
    LEFT_PAREN        shift, and go to state 26
    LEFT_QUAD         shift, and go to state 27
    RIGHT_QUAD        shift, and go to state 253
    COLON             shift, and go to state 254
    ADD               shift, and go to state 28
    SUB               shift, and go to state 29
    NOT               shift, and go to state 30
    BIT_NOT           shift, and go to state 31
    INCREMENT         shift, and go to state 32
    DECREMENT         shift, and go to state 33

    expression                   go to state 255
    lvalue_operation_expression  go to state 45
    assign_expression            go to state 46
    self_operation_expression    go to state 47
    unary_expression             go to state 48
    binary_expression            go to state 49
    shortcut_expression          go to state 50
    value_expression             go to state 51
    lvalue_expression            go to state 52
    array_expression             go to state 53
    function_expression          go to state 56


state 230

  152 evaluate_list: evaluate_list LEFT_QUAD COLON . expression RIGHT_QUAD
  153              | evaluate_list LEFT_QUAD COLON . expression COLON RIGHT_QUAD
  154              | evaluate_list LEFT_QUAD COLON . expression COLON expression RIGHT_QUAD
  155              | evaluate_list LEFT_QUAD COLON . COLON RIGHT_QUAD

    INT_LTR           shift, and go to state 17
    BLN_LTR           shift, and go to state 18
    FLT_LTR           shift, and go to state 19
    STR_LTR           shift, and go to state 20
    NLL_LTR           shift, and go to state 21
    SHORTCUT_PRINTLN  shift, and go to state 22
    IDENTIFER         shift, and go to state 23
    LEFT_PAREN        shift, and go to state 26
    LEFT_QUAD         shift, and go to state 27
    COLON             shift, and go to state 256
    ADD               shift, and go to state 28
    SUB               shift, and go to state 29
    NOT               shift, and go to state 30
    BIT_NOT           shift, and go to state 31
    INCREMENT         shift, and go to state 32
    DECREMENT         shift, and go to state 33

    expression                   go to state 257
    lvalue_operation_expression  go to state 45
    assign_expression            go to state 46
    self_operation_expression    go to state 47
    unary_expression             go to state 48
    binary_expression            go to state 49
    shortcut_expression          go to state 50
    value_expression             go to state 51
    lvalue_expression            go to state 52
    array_expression             go to state 53
    function_expression          go to state 56


state 231

   83 binary_expression: expression . ADD expression
   84                  | expression . SUB expression
   85                  | expression . MUL expression
   86                  | expression . DIV expression
   87                  | expression . MOD expression
   88                  | expression . AND expression
   89                  | expression . OR expression
   90                  | expression . XOR expression
   91                  | expression . EQ expression
   92                  | expression . NE expression
   93                  | expression . GT expression
   94                  | expression . GE expression
   95                  | expression . LT expression
   96                  | expression . LE expression
   97                  | expression . BIT_AND expression
   98                  | expression . BIT_OR expression
   99                  | expression . BIT_XOR expression
  100                  | expression . QM expression COLON expression
  145 evaluate_list: evaluate_list LEFT_QUAD expression . RIGHT_QUAD
  146              | evaluate_list LEFT_QUAD expression . COLON expression RIGHT_QUAD
  147              | evaluate_list LEFT_QUAD expression . COLON expression COLON RIGHT_QUAD
  148              | evaluate_list LEFT_QUAD expression . COLON expression COLON expression RIGHT_QUAD
  149              | evaluate_list LEFT_QUAD expression . COLON RIGHT_QUAD
  150              | evaluate_list LEFT_QUAD expression . COLON COLON RIGHT_QUAD
  151              | evaluate_list LEFT_QUAD expression . COLON COLON expression RIGHT_QUAD

    RIGHT_QUAD  shift, and go to state 258
    COLON       shift, and go to state 259
    ADD         shift, and go to state 120
    SUB         shift, and go to state 121
    MUL         shift, and go to state 122
    DIV         shift, and go to state 123
    MOD         shift, and go to state 124
    EQ          shift, and go to state 125
    NE          shift, and go to state 126
    GT          shift, and go to state 127
    GE          shift, and go to state 128
    LT          shift, and go to state 129
    LE          shift, and go to state 130
    AND         shift, and go to state 131
    OR          shift, and go to state 132
    XOR         shift, and go to state 133
    BIT_AND     shift, and go to state 134
    BIT_OR      shift, and go to state 135
    BIT_XOR     shift, and go to state 136
    QM          shift, and go to state 137


state 232

    6 statement: statement INDENT single_statement LF check_indent build_statement_stack .
    9          | statement INDENT single_statement LF check_indent build_statement_stack .

    $end              reduce using rule 6 (statement)
    $end              [reduce using rule 9 (statement)]
    error             reduce using rule 6 (statement)
    error             [reduce using rule 9 (statement)]
    NOINDENT          reduce using rule 6 (statement)
    NOINDENT          [reduce using rule 9 (statement)]
    LF                reduce using rule 6 (statement)
    LF                [reduce using rule 9 (statement)]
    END_FILE          reduce using rule 6 (statement)
    END_FILE          [reduce using rule 9 (statement)]
    NOP               reduce using rule 6 (statement)
    NOP               [reduce using rule 9 (statement)]
    CLASS             reduce using rule 6 (statement)
    CLASS             [reduce using rule 9 (statement)]
    SHARED            reduce using rule 6 (statement)
    SHARED            [reduce using rule 9 (statement)]
    INDENT            reduce using rule 6 (statement)
    INDENT            [reduce using rule 9 (statement)]
    INT_LTR           reduce using rule 6 (statement)
    INT_LTR           [reduce using rule 9 (statement)]
    BLN_LTR           reduce using rule 6 (statement)
    BLN_LTR           [reduce using rule 9 (statement)]
    FLT_LTR           reduce using rule 6 (statement)
    FLT_LTR           [reduce using rule 9 (statement)]
    STR_LTR           reduce using rule 6 (statement)
    STR_LTR           [reduce using rule 9 (statement)]
    NLL_LTR           reduce using rule 6 (statement)
    NLL_LTR           [reduce using rule 9 (statement)]
    SHORTCUT_PRINTLN  reduce using rule 6 (statement)
    SHORTCUT_PRINTLN  [reduce using rule 9 (statement)]
    IDENTIFER         reduce using rule 6 (statement)
    IDENTIFER         [reduce using rule 9 (statement)]
    VAR               reduce using rule 6 (statement)
    VAR               [reduce using rule 9 (statement)]
    GLOBAL            reduce using rule 6 (statement)
    GLOBAL            [reduce using rule 9 (statement)]
    LEFT_PAREN        reduce using rule 6 (statement)
    LEFT_PAREN        [reduce using rule 9 (statement)]
    LEFT_QUAD         reduce using rule 6 (statement)
    LEFT_QUAD         [reduce using rule 9 (statement)]
    ADD               reduce using rule 6 (statement)
    ADD               [reduce using rule 9 (statement)]
    SUB               reduce using rule 6 (statement)
    SUB               [reduce using rule 9 (statement)]
    NOT               reduce using rule 6 (statement)
    NOT               [reduce using rule 9 (statement)]
    BIT_NOT           reduce using rule 6 (statement)
    BIT_NOT           [reduce using rule 9 (statement)]
    INCREMENT         reduce using rule 6 (statement)
    INCREMENT         [reduce using rule 9 (statement)]
    DECREMENT         reduce using rule 6 (statement)
    DECREMENT         [reduce using rule 9 (statement)]
    IF                reduce using rule 6 (statement)
    IF                [reduce using rule 9 (statement)]
    ELIF              reduce using rule 6 (statement)
    ELIF              [reduce using rule 9 (statement)]
    ELSE              reduce using rule 6 (statement)
    ELSE              [reduce using rule 9 (statement)]
    FOR               reduce using rule 6 (statement)
    FOR               [reduce using rule 9 (statement)]
    WHILE             reduce using rule 6 (statement)
    WHILE             [reduce using rule 9 (statement)]
    CONTINUE          reduce using rule 6 (statement)
    CONTINUE          [reduce using rule 9 (statement)]
    BREAK             reduce using rule 6 (statement)
    BREAK             [reduce using rule 9 (statement)]
    FUNC              reduce using rule 6 (statement)
    FUNC              [reduce using rule 9 (statement)]
    RETURN            reduce using rule 6 (statement)
    RETURN            [reduce using rule 9 (statement)]
    $default          reduce using rule 6 (statement)


state 233

    8 statement: statement close_execute_last_statement @1 single_statement LF check_indent . build_statement_stack execute_single_statement

    $default  reduce using rule 16 (build_statement_stack)

    build_statement_stack  go to state 260


state 234

  173 function_statement: SHARED FUNC IDENTIFER LEFT_PAREN RIGHT_PAREN .

    $default  reduce using rule 173 (function_statement)


state 235

  132 parameter_list: parameter_list . COMMA IDENTIFER
  133               | parameter_list . COMMA IDENTIFER ASSIGN expression
  172 function_statement: SHARED FUNC IDENTIFER LEFT_PAREN parameter_list . RIGHT_PAREN

    RIGHT_PAREN  shift, and go to state 261
    COMMA        shift, and go to state 247


state 236

   83 binary_expression: expression . ADD expression
   84                  | expression . SUB expression
   85                  | expression . MUL expression
   86                  | expression . DIV expression
   87                  | expression . MOD expression
   88                  | expression . AND expression
   89                  | expression . OR expression
   90                  | expression . XOR expression
   91                  | expression . EQ expression
   92                  | expression . NE expression
   93                  | expression . GT expression
   94                  | expression . GE expression
   95                  | expression . LT expression
   96                  | expression . LE expression
   97                  | expression . BIT_AND expression
   98                  | expression . BIT_OR expression
   99                  | expression . BIT_XOR expression
  100                  | expression . QM expression COLON expression
  127 argument_list: IDENTIFER COLON expression .

    ADD      shift, and go to state 120
    SUB      shift, and go to state 121
    MUL      shift, and go to state 122
    DIV      shift, and go to state 123
    MOD      shift, and go to state 124
    EQ       shift, and go to state 125
    NE       shift, and go to state 126
    GT       shift, and go to state 127
    GE       shift, and go to state 128
    LT       shift, and go to state 129
    LE       shift, and go to state 130
    AND      shift, and go to state 131
    OR       shift, and go to state 132
    XOR      shift, and go to state 133
    BIT_AND  shift, and go to state 134
    BIT_OR   shift, and go to state 135
    BIT_XOR  shift, and go to state 136
    QM       shift, and go to state 137

    $default  reduce using rule 127 (argument_list)


state 237

  109 lvalue_expression: IDENTIFER .
  124 function_expression: IDENTIFER . LEFT_PAREN argument_list RIGHT_PAREN
  125                    | IDENTIFER . LEFT_PAREN RIGHT_PAREN
  129 argument_list: argument_list COMMA IDENTIFER . COLON expression

    LEFT_PAREN  shift, and go to state 91
    COLON       shift, and go to state 262

    $default  reduce using rule 109 (lvalue_expression)


state 238

   83 binary_expression: expression . ADD expression
   84                  | expression . SUB expression
   85                  | expression . MUL expression
   86                  | expression . DIV expression
   87                  | expression . MOD expression
   88                  | expression . AND expression
   89                  | expression . OR expression
   90                  | expression . XOR expression
   91                  | expression . EQ expression
   92                  | expression . NE expression
   93                  | expression . GT expression
   94                  | expression . GE expression
   95                  | expression . LT expression
   96                  | expression . LE expression
   97                  | expression . BIT_AND expression
   98                  | expression . BIT_OR expression
   99                  | expression . BIT_XOR expression
  100                  | expression . QM expression COLON expression
  128 argument_list: argument_list COMMA expression .

    ADD      shift, and go to state 120
    SUB      shift, and go to state 121
    MUL      shift, and go to state 122
    DIV      shift, and go to state 123
    MOD      shift, and go to state 124
    EQ       shift, and go to state 125
    NE       shift, and go to state 126
    GT       shift, and go to state 127
    GE       shift, and go to state 128
    LT       shift, and go to state 129
    LE       shift, and go to state 130
    AND      shift, and go to state 131
    OR       shift, and go to state 132
    XOR      shift, and go to state 133
    BIT_AND  shift, and go to state 134
    BIT_OR   shift, and go to state 135
    BIT_XOR  shift, and go to state 136
    QM       shift, and go to state 137

    $default  reduce using rule 128 (argument_list)


state 239

  123 assign_list: assign_list COMMA IDENTIFER ASSIGN . expression

    INT_LTR           shift, and go to state 17
    BLN_LTR           shift, and go to state 18
    FLT_LTR           shift, and go to state 19
    STR_LTR           shift, and go to state 20
    NLL_LTR           shift, and go to state 21
    SHORTCUT_PRINTLN  shift, and go to state 22
    IDENTIFER         shift, and go to state 23
    LEFT_PAREN        shift, and go to state 26
    LEFT_QUAD         shift, and go to state 27
    ADD               shift, and go to state 28
    SUB               shift, and go to state 29
    NOT               shift, and go to state 30
    BIT_NOT           shift, and go to state 31
    INCREMENT         shift, and go to state 32
    DECREMENT         shift, and go to state 33

    expression                   go to state 263
    lvalue_operation_expression  go to state 45
    assign_expression            go to state 46
    self_operation_expression    go to state 47
    unary_expression             go to state 48
    binary_expression            go to state 49
    shortcut_expression          go to state 50
    value_expression             go to state 51
    lvalue_expression            go to state 52
    array_expression             go to state 53
    function_expression          go to state 56


state 240

   55 statement_block: LEFT_BRACE block_list RIGHT_BRACE .

    $default  reduce using rule 55 (statement_block)


state 241

   58 block_list: block_list single_statement .

    $default  reduce using rule 58 (block_list)


state 242

  163 do_while_statement: DO structure_statement WHILE LEFT_PAREN . expression_statement RIGHT_PAREN SEMICOLON

    INT_LTR           shift, and go to state 17
    BLN_LTR           shift, and go to state 18
    FLT_LTR           shift, and go to state 19
    STR_LTR           shift, and go to state 20
    NLL_LTR           shift, and go to state 21
    SHORTCUT_PRINTLN  shift, and go to state 22
    IDENTIFER         shift, and go to state 23
    LEFT_PAREN        shift, and go to state 26
    LEFT_QUAD         shift, and go to state 27
    ADD               shift, and go to state 28
    SUB               shift, and go to state 29
    NOT               shift, and go to state 30
    BIT_NOT           shift, and go to state 31
    INCREMENT         shift, and go to state 32
    DECREMENT         shift, and go to state 33

    expression_statement         go to state 264
    expression                   go to state 44
    lvalue_operation_expression  go to state 45
    assign_expression            go to state 46
    self_operation_expression    go to state 47
    unary_expression             go to state 48
    binary_expression            go to state 49
    shortcut_expression          go to state 50
    value_expression             go to state 51
    lvalue_expression            go to state 52
    array_expression             go to state 53
    function_expression          go to state 56


state 243

  159 for_statement: FOR single_statement_no_semicolon SEMICOLON expression_statement SEMICOLON . single_statement_no_semicolon

    INT_LTR           shift, and go to state 17
    BLN_LTR           shift, and go to state 18
    FLT_LTR           shift, and go to state 19
    STR_LTR           shift, and go to state 20
    NLL_LTR           shift, and go to state 21
    SHORTCUT_PRINTLN  shift, and go to state 22
    IDENTIFER         shift, and go to state 23
    LEFT_PAREN        shift, and go to state 26
    LEFT_QUAD         shift, and go to state 27
    ADD               shift, and go to state 28
    SUB               shift, and go to state 29
    NOT               shift, and go to state 30
    BIT_NOT           shift, and go to state 31
    INCREMENT         shift, and go to state 32
    DECREMENT         shift, and go to state 33
    IF                shift, and go to state 67
    FOR               shift, and go to state 34
    WHILE             shift, and go to state 35
    DO                shift, and go to state 105

    INT_LTR           [reduce using rule 53 (null_statement)]
    BLN_LTR           [reduce using rule 53 (null_statement)]
    FLT_LTR           [reduce using rule 53 (null_statement)]
    STR_LTR           [reduce using rule 53 (null_statement)]
    NLL_LTR           [reduce using rule 53 (null_statement)]
    SHORTCUT_PRINTLN  [reduce using rule 53 (null_statement)]
    IDENTIFER         [reduce using rule 53 (null_statement)]
    LEFT_PAREN        [reduce using rule 53 (null_statement)]
    LEFT_QUAD         [reduce using rule 53 (null_statement)]
    ADD               [reduce using rule 53 (null_statement)]
    SUB               [reduce using rule 53 (null_statement)]
    NOT               [reduce using rule 53 (null_statement)]
    BIT_NOT           [reduce using rule 53 (null_statement)]
    INCREMENT         [reduce using rule 53 (null_statement)]
    DECREMENT         [reduce using rule 53 (null_statement)]
    IF                [reduce using rule 53 (null_statement)]
    FOR               [reduce using rule 53 (null_statement)]
    WHILE             [reduce using rule 53 (null_statement)]
    $default          reduce using rule 53 (null_statement)

    single_statement_no_semicolon  go to state 265
    null_statement                 go to state 107
    expression_statement           go to state 108
    expression                     go to state 44
    lvalue_operation_expression    go to state 45
    assign_expression              go to state 46
    self_operation_expression      go to state 47
    unary_expression               go to state 48
    binary_expression              go to state 49
    shortcut_expression            go to state 50
    value_expression               go to state 51
    lvalue_expression              go to state 52
    array_expression               go to state 53
    function_expression            go to state 56
    if_statement                   go to state 109
    for_statement                  go to state 110
    while_statement                go to state 111
    do_while_statement             go to state 112


state 244

  160 for_statement: FOR single_statement_no_semicolon COLON expression_statement COLON . single_statement_no_semicolon

    INT_LTR           shift, and go to state 17
    BLN_LTR           shift, and go to state 18
    FLT_LTR           shift, and go to state 19
    STR_LTR           shift, and go to state 20
    NLL_LTR           shift, and go to state 21
    SHORTCUT_PRINTLN  shift, and go to state 22
    IDENTIFER         shift, and go to state 23
    LEFT_PAREN        shift, and go to state 26
    LEFT_QUAD         shift, and go to state 27
    ADD               shift, and go to state 28
    SUB               shift, and go to state 29
    NOT               shift, and go to state 30
    BIT_NOT           shift, and go to state 31
    INCREMENT         shift, and go to state 32
    DECREMENT         shift, and go to state 33
    IF                shift, and go to state 67
    FOR               shift, and go to state 34
    WHILE             shift, and go to state 35
    DO                shift, and go to state 105

    INT_LTR           [reduce using rule 53 (null_statement)]
    BLN_LTR           [reduce using rule 53 (null_statement)]
    FLT_LTR           [reduce using rule 53 (null_statement)]
    STR_LTR           [reduce using rule 53 (null_statement)]
    NLL_LTR           [reduce using rule 53 (null_statement)]
    SHORTCUT_PRINTLN  [reduce using rule 53 (null_statement)]
    IDENTIFER         [reduce using rule 53 (null_statement)]
    LEFT_PAREN        [reduce using rule 53 (null_statement)]
    LEFT_QUAD         [reduce using rule 53 (null_statement)]
    ADD               [reduce using rule 53 (null_statement)]
    SUB               [reduce using rule 53 (null_statement)]
    NOT               [reduce using rule 53 (null_statement)]
    BIT_NOT           [reduce using rule 53 (null_statement)]
    INCREMENT         [reduce using rule 53 (null_statement)]
    DECREMENT         [reduce using rule 53 (null_statement)]
    IF                [reduce using rule 53 (null_statement)]
    FOR               [reduce using rule 53 (null_statement)]
    WHILE             [reduce using rule 53 (null_statement)]
    $default          reduce using rule 53 (null_statement)

    single_statement_no_semicolon  go to state 266
    null_statement                 go to state 107
    expression_statement           go to state 108
    expression                     go to state 44
    lvalue_operation_expression    go to state 45
    assign_expression              go to state 46
    self_operation_expression      go to state 47
    unary_expression               go to state 48
    binary_expression              go to state 49
    shortcut_expression            go to state 50
    value_expression               go to state 51
    lvalue_expression              go to state 52
    array_expression               go to state 53
    function_expression            go to state 56
    if_statement                   go to state 109
    for_statement                  go to state 110
    while_statement                go to state 111
    do_while_statement             go to state 112


state 245

  131 parameter_list: IDENTIFER ASSIGN . expression

    INT_LTR           shift, and go to state 17
    BLN_LTR           shift, and go to state 18
    FLT_LTR           shift, and go to state 19
    STR_LTR           shift, and go to state 20
    NLL_LTR           shift, and go to state 21
    SHORTCUT_PRINTLN  shift, and go to state 22
    IDENTIFER         shift, and go to state 23
    LEFT_PAREN        shift, and go to state 26
    LEFT_QUAD         shift, and go to state 27
    ADD               shift, and go to state 28
    SUB               shift, and go to state 29
    NOT               shift, and go to state 30
    BIT_NOT           shift, and go to state 31
    INCREMENT         shift, and go to state 32
    DECREMENT         shift, and go to state 33

    expression                   go to state 267
    lvalue_operation_expression  go to state 45
    assign_expression            go to state 46
    self_operation_expression    go to state 47
    unary_expression             go to state 48
    binary_expression            go to state 49
    shortcut_expression          go to state 50
    value_expression             go to state 51
    lvalue_expression            go to state 52
    array_expression             go to state 53
    function_expression          go to state 56


state 246

  170 function_statement: FUNC IDENTIFER LEFT_PAREN parameter_list RIGHT_PAREN .

    $default  reduce using rule 170 (function_statement)


state 247

  132 parameter_list: parameter_list COMMA . IDENTIFER
  133               | parameter_list COMMA . IDENTIFER ASSIGN expression

    IDENTIFER  shift, and go to state 268


state 248

    4 statement: statement NOINDENT monostatement enclose_statement_stack build_single_statement_stack execute_single_statement LF .

    $default  reduce using rule 4 (statement)


state 249

   83 binary_expression: expression . ADD expression
   84                  | expression . SUB expression
   85                  | expression . MUL expression
   86                  | expression . DIV expression
   87                  | expression . MOD expression
   88                  | expression . AND expression
   89                  | expression . OR expression
   90                  | expression . XOR expression
   91                  | expression . EQ expression
   92                  | expression . NE expression
   93                  | expression . GT expression
   94                  | expression . GE expression
   95                  | expression . LT expression
   96                  | expression . LE expression
   97                  | expression . BIT_AND expression
   98                  | expression . BIT_OR expression
   99                  | expression . BIT_XOR expression
  100                  | expression . QM expression COLON expression
  100                  | expression QM expression COLON expression .

    ADD      shift, and go to state 120
    SUB      shift, and go to state 121
    MUL      shift, and go to state 122
    DIV      shift, and go to state 123
    MOD      shift, and go to state 124
    EQ       shift, and go to state 125
    NE       shift, and go to state 126
    GT       shift, and go to state 127
    GE       shift, and go to state 128
    LT       shift, and go to state 129
    LE       shift, and go to state 130
    AND      shift, and go to state 131
    OR       shift, and go to state 132
    XOR      shift, and go to state 133
    BIT_AND  shift, and go to state 134
    BIT_OR   shift, and go to state 135
    BIT_XOR  shift, and go to state 136
    QM       shift, and go to state 137

    ADD       [reduce using rule 100 (binary_expression)]
    SUB       [reduce using rule 100 (binary_expression)]
    MUL       [reduce using rule 100 (binary_expression)]
    DIV       [reduce using rule 100 (binary_expression)]
    MOD       [reduce using rule 100 (binary_expression)]
    EQ        [reduce using rule 100 (binary_expression)]
    NE        [reduce using rule 100 (binary_expression)]
    GT        [reduce using rule 100 (binary_expression)]
    GE        [reduce using rule 100 (binary_expression)]
    LT        [reduce using rule 100 (binary_expression)]
    LE        [reduce using rule 100 (binary_expression)]
    AND       [reduce using rule 100 (binary_expression)]
    OR        [reduce using rule 100 (binary_expression)]
    XOR       [reduce using rule 100 (binary_expression)]
    BIT_AND   [reduce using rule 100 (binary_expression)]
    BIT_OR    [reduce using rule 100 (binary_expression)]
    BIT_XOR   [reduce using rule 100 (binary_expression)]
    QM        [reduce using rule 100 (binary_expression)]
    $default  reduce using rule 100 (binary_expression)


state 250

  144 evaluate_list: LEFT_QUAD COLON COLON RIGHT_QUAD .

    $default  reduce using rule 144 (evaluate_list)


state 251

  141 evaluate_list: LEFT_QUAD COLON expression RIGHT_QUAD .

    $default  reduce using rule 141 (evaluate_list)


state 252

  142 evaluate_list: LEFT_QUAD COLON expression COLON . RIGHT_QUAD
  143              | LEFT_QUAD COLON expression COLON . expression RIGHT_QUAD

    INT_LTR           shift, and go to state 17
    BLN_LTR           shift, and go to state 18
    FLT_LTR           shift, and go to state 19
    STR_LTR           shift, and go to state 20
    NLL_LTR           shift, and go to state 21
    SHORTCUT_PRINTLN  shift, and go to state 22
    IDENTIFER         shift, and go to state 23
    LEFT_PAREN        shift, and go to state 26
    LEFT_QUAD         shift, and go to state 27
    RIGHT_QUAD        shift, and go to state 269
    ADD               shift, and go to state 28
    SUB               shift, and go to state 29
    NOT               shift, and go to state 30
    BIT_NOT           shift, and go to state 31
    INCREMENT         shift, and go to state 32
    DECREMENT         shift, and go to state 33

    expression                   go to state 270
    lvalue_operation_expression  go to state 45
    assign_expression            go to state 46
    self_operation_expression    go to state 47
    unary_expression             go to state 48
    binary_expression            go to state 49
    shortcut_expression          go to state 50
    value_expression             go to state 51
    lvalue_expression            go to state 52
    array_expression             go to state 53
    function_expression          go to state 56


state 253

  138 evaluate_list: LEFT_QUAD expression COLON RIGHT_QUAD .

    $default  reduce using rule 138 (evaluate_list)


state 254

  139 evaluate_list: LEFT_QUAD expression COLON COLON . RIGHT_QUAD
  140              | LEFT_QUAD expression COLON COLON . expression RIGHT_QUAD

    INT_LTR           shift, and go to state 17
    BLN_LTR           shift, and go to state 18
    FLT_LTR           shift, and go to state 19
    STR_LTR           shift, and go to state 20
    NLL_LTR           shift, and go to state 21
    SHORTCUT_PRINTLN  shift, and go to state 22
    IDENTIFER         shift, and go to state 23
    LEFT_PAREN        shift, and go to state 26
    LEFT_QUAD         shift, and go to state 27
    RIGHT_QUAD        shift, and go to state 271
    ADD               shift, and go to state 28
    SUB               shift, and go to state 29
    NOT               shift, and go to state 30
    BIT_NOT           shift, and go to state 31
    INCREMENT         shift, and go to state 32
    DECREMENT         shift, and go to state 33

    expression                   go to state 272
    lvalue_operation_expression  go to state 45
    assign_expression            go to state 46
    self_operation_expression    go to state 47
    unary_expression             go to state 48
    binary_expression            go to state 49
    shortcut_expression          go to state 50
    value_expression             go to state 51
    lvalue_expression            go to state 52
    array_expression             go to state 53
    function_expression          go to state 56


state 255

   83 binary_expression: expression . ADD expression
   84                  | expression . SUB expression
   85                  | expression . MUL expression
   86                  | expression . DIV expression
   87                  | expression . MOD expression
   88                  | expression . AND expression
   89                  | expression . OR expression
   90                  | expression . XOR expression
   91                  | expression . EQ expression
   92                  | expression . NE expression
   93                  | expression . GT expression
   94                  | expression . GE expression
   95                  | expression . LT expression
   96                  | expression . LE expression
   97                  | expression . BIT_AND expression
   98                  | expression . BIT_OR expression
   99                  | expression . BIT_XOR expression
  100                  | expression . QM expression COLON expression
  135 evaluate_list: LEFT_QUAD expression COLON expression . RIGHT_QUAD
  136              | LEFT_QUAD expression COLON expression . COLON RIGHT_QUAD
  137              | LEFT_QUAD expression COLON expression . COLON expression RIGHT_QUAD

    RIGHT_QUAD  shift, and go to state 273
    COLON       shift, and go to state 274
    ADD         shift, and go to state 120
    SUB         shift, and go to state 121
    MUL         shift, and go to state 122
    DIV         shift, and go to state 123
    MOD         shift, and go to state 124
    EQ          shift, and go to state 125
    NE          shift, and go to state 126
    GT          shift, and go to state 127
    GE          shift, and go to state 128
    LT          shift, and go to state 129
    LE          shift, and go to state 130
    AND         shift, and go to state 131
    OR          shift, and go to state 132
    XOR         shift, and go to state 133
    BIT_AND     shift, and go to state 134
    BIT_OR      shift, and go to state 135
    BIT_XOR     shift, and go to state 136
    QM          shift, and go to state 137


state 256

  155 evaluate_list: evaluate_list LEFT_QUAD COLON COLON . RIGHT_QUAD

    RIGHT_QUAD  shift, and go to state 275


state 257

   83 binary_expression: expression . ADD expression
   84                  | expression . SUB expression
   85                  | expression . MUL expression
   86                  | expression . DIV expression
   87                  | expression . MOD expression
   88                  | expression . AND expression
   89                  | expression . OR expression
   90                  | expression . XOR expression
   91                  | expression . EQ expression
   92                  | expression . NE expression
   93                  | expression . GT expression
   94                  | expression . GE expression
   95                  | expression . LT expression
   96                  | expression . LE expression
   97                  | expression . BIT_AND expression
   98                  | expression . BIT_OR expression
   99                  | expression . BIT_XOR expression
  100                  | expression . QM expression COLON expression
  152 evaluate_list: evaluate_list LEFT_QUAD COLON expression . RIGHT_QUAD
  153              | evaluate_list LEFT_QUAD COLON expression . COLON RIGHT_QUAD
  154              | evaluate_list LEFT_QUAD COLON expression . COLON expression RIGHT_QUAD

    RIGHT_QUAD  shift, and go to state 276
    COLON       shift, and go to state 277
    ADD         shift, and go to state 120
    SUB         shift, and go to state 121
    MUL         shift, and go to state 122
    DIV         shift, and go to state 123
    MOD         shift, and go to state 124
    EQ          shift, and go to state 125
    NE          shift, and go to state 126
    GT          shift, and go to state 127
    GE          shift, and go to state 128
    LT          shift, and go to state 129
    LE          shift, and go to state 130
    AND         shift, and go to state 131
    OR          shift, and go to state 132
    XOR         shift, and go to state 133
    BIT_AND     shift, and go to state 134
    BIT_OR      shift, and go to state 135
    BIT_XOR     shift, and go to state 136
    QM          shift, and go to state 137


state 258

  145 evaluate_list: evaluate_list LEFT_QUAD expression RIGHT_QUAD .

    $default  reduce using rule 145 (evaluate_list)


state 259

  146 evaluate_list: evaluate_list LEFT_QUAD expression COLON . expression RIGHT_QUAD
  147              | evaluate_list LEFT_QUAD expression COLON . expression COLON RIGHT_QUAD
  148              | evaluate_list LEFT_QUAD expression COLON . expression COLON expression RIGHT_QUAD
  149              | evaluate_list LEFT_QUAD expression COLON . RIGHT_QUAD
  150              | evaluate_list LEFT_QUAD expression COLON . COLON RIGHT_QUAD
  151              | evaluate_list LEFT_QUAD expression COLON . COLON expression RIGHT_QUAD

    INT_LTR           shift, and go to state 17
    BLN_LTR           shift, and go to state 18
    FLT_LTR           shift, and go to state 19
    STR_LTR           shift, and go to state 20
    NLL_LTR           shift, and go to state 21
    SHORTCUT_PRINTLN  shift, and go to state 22
    IDENTIFER         shift, and go to state 23
    LEFT_PAREN        shift, and go to state 26
    LEFT_QUAD         shift, and go to state 27
    RIGHT_QUAD        shift, and go to state 278
    COLON             shift, and go to state 279
    ADD               shift, and go to state 28
    SUB               shift, and go to state 29
    NOT               shift, and go to state 30
    BIT_NOT           shift, and go to state 31
    INCREMENT         shift, and go to state 32
    DECREMENT         shift, and go to state 33

    expression                   go to state 280
    lvalue_operation_expression  go to state 45
    assign_expression            go to state 46
    self_operation_expression    go to state 47
    unary_expression             go to state 48
    binary_expression            go to state 49
    shortcut_expression          go to state 50
    value_expression             go to state 51
    lvalue_expression            go to state 52
    array_expression             go to state 53
    function_expression          go to state 56


state 260

    8 statement: statement close_execute_last_statement @1 single_statement LF check_indent build_statement_stack . execute_single_statement

    $default  reduce using rule 20 (execute_single_statement)

    execute_single_statement  go to state 281


state 261

  172 function_statement: SHARED FUNC IDENTIFER LEFT_PAREN parameter_list RIGHT_PAREN .

    $default  reduce using rule 172 (function_statement)


state 262

  129 argument_list: argument_list COMMA IDENTIFER COLON . expression

    INT_LTR           shift, and go to state 17
    BLN_LTR           shift, and go to state 18
    FLT_LTR           shift, and go to state 19
    STR_LTR           shift, and go to state 20
    NLL_LTR           shift, and go to state 21
    SHORTCUT_PRINTLN  shift, and go to state 22
    IDENTIFER         shift, and go to state 23
    LEFT_PAREN        shift, and go to state 26
    LEFT_QUAD         shift, and go to state 27
    ADD               shift, and go to state 28
    SUB               shift, and go to state 29
    NOT               shift, and go to state 30
    BIT_NOT           shift, and go to state 31
    INCREMENT         shift, and go to state 32
    DECREMENT         shift, and go to state 33

    expression                   go to state 282
    lvalue_operation_expression  go to state 45
    assign_expression            go to state 46
    self_operation_expression    go to state 47
    unary_expression             go to state 48
    binary_expression            go to state 49
    shortcut_expression          go to state 50
    value_expression             go to state 51
    lvalue_expression            go to state 52
    array_expression             go to state 53
    function_expression          go to state 56


state 263

   83 binary_expression: expression . ADD expression
   84                  | expression . SUB expression
   85                  | expression . MUL expression
   86                  | expression . DIV expression
   87                  | expression . MOD expression
   88                  | expression . AND expression
   89                  | expression . OR expression
   90                  | expression . XOR expression
   91                  | expression . EQ expression
   92                  | expression . NE expression
   93                  | expression . GT expression
   94                  | expression . GE expression
   95                  | expression . LT expression
   96                  | expression . LE expression
   97                  | expression . BIT_AND expression
   98                  | expression . BIT_OR expression
   99                  | expression . BIT_XOR expression
  100                  | expression . QM expression COLON expression
  123 assign_list: assign_list COMMA IDENTIFER ASSIGN expression .

    ADD      shift, and go to state 120
    SUB      shift, and go to state 121
    MUL      shift, and go to state 122
    DIV      shift, and go to state 123
    MOD      shift, and go to state 124
    EQ       shift, and go to state 125
    NE       shift, and go to state 126
    GT       shift, and go to state 127
    GE       shift, and go to state 128
    LT       shift, and go to state 129
    LE       shift, and go to state 130
    AND      shift, and go to state 131
    OR       shift, and go to state 132
    XOR      shift, and go to state 133
    BIT_AND  shift, and go to state 134
    BIT_OR   shift, and go to state 135
    BIT_XOR  shift, and go to state 136
    QM       shift, and go to state 137

    $default  reduce using rule 123 (assign_list)


state 264

  163 do_while_statement: DO structure_statement WHILE LEFT_PAREN expression_statement . RIGHT_PAREN SEMICOLON

    RIGHT_PAREN  shift, and go to state 283


state 265

  159 for_statement: FOR single_statement_no_semicolon SEMICOLON expression_statement SEMICOLON single_statement_no_semicolon .

    $default  reduce using rule 159 (for_statement)


state 266

  160 for_statement: FOR single_statement_no_semicolon COLON expression_statement COLON single_statement_no_semicolon .

    $default  reduce using rule 160 (for_statement)


state 267

   83 binary_expression: expression . ADD expression
   84                  | expression . SUB expression
   85                  | expression . MUL expression
   86                  | expression . DIV expression
   87                  | expression . MOD expression
   88                  | expression . AND expression
   89                  | expression . OR expression
   90                  | expression . XOR expression
   91                  | expression . EQ expression
   92                  | expression . NE expression
   93                  | expression . GT expression
   94                  | expression . GE expression
   95                  | expression . LT expression
   96                  | expression . LE expression
   97                  | expression . BIT_AND expression
   98                  | expression . BIT_OR expression
   99                  | expression . BIT_XOR expression
  100                  | expression . QM expression COLON expression
  131 parameter_list: IDENTIFER ASSIGN expression .

    ADD      shift, and go to state 120
    SUB      shift, and go to state 121
    MUL      shift, and go to state 122
    DIV      shift, and go to state 123
    MOD      shift, and go to state 124
    EQ       shift, and go to state 125
    NE       shift, and go to state 126
    GT       shift, and go to state 127
    GE       shift, and go to state 128
    LT       shift, and go to state 129
    LE       shift, and go to state 130
    AND      shift, and go to state 131
    OR       shift, and go to state 132
    XOR      shift, and go to state 133
    BIT_AND  shift, and go to state 134
    BIT_OR   shift, and go to state 135
    BIT_XOR  shift, and go to state 136
    QM       shift, and go to state 137

    $default  reduce using rule 131 (parameter_list)


state 268

  132 parameter_list: parameter_list COMMA IDENTIFER .
  133               | parameter_list COMMA IDENTIFER . ASSIGN expression

    ASSIGN  shift, and go to state 284

    $default  reduce using rule 132 (parameter_list)


state 269

  142 evaluate_list: LEFT_QUAD COLON expression COLON RIGHT_QUAD .

    $default  reduce using rule 142 (evaluate_list)


state 270

   83 binary_expression: expression . ADD expression
   84                  | expression . SUB expression
   85                  | expression . MUL expression
   86                  | expression . DIV expression
   87                  | expression . MOD expression
   88                  | expression . AND expression
   89                  | expression . OR expression
   90                  | expression . XOR expression
   91                  | expression . EQ expression
   92                  | expression . NE expression
   93                  | expression . GT expression
   94                  | expression . GE expression
   95                  | expression . LT expression
   96                  | expression . LE expression
   97                  | expression . BIT_AND expression
   98                  | expression . BIT_OR expression
   99                  | expression . BIT_XOR expression
  100                  | expression . QM expression COLON expression
  143 evaluate_list: LEFT_QUAD COLON expression COLON expression . RIGHT_QUAD

    RIGHT_QUAD  shift, and go to state 285
    ADD         shift, and go to state 120
    SUB         shift, and go to state 121
    MUL         shift, and go to state 122
    DIV         shift, and go to state 123
    MOD         shift, and go to state 124
    EQ          shift, and go to state 125
    NE          shift, and go to state 126
    GT          shift, and go to state 127
    GE          shift, and go to state 128
    LT          shift, and go to state 129
    LE          shift, and go to state 130
    AND         shift, and go to state 131
    OR          shift, and go to state 132
    XOR         shift, and go to state 133
    BIT_AND     shift, and go to state 134
    BIT_OR      shift, and go to state 135
    BIT_XOR     shift, and go to state 136
    QM          shift, and go to state 137


state 271

  139 evaluate_list: LEFT_QUAD expression COLON COLON RIGHT_QUAD .

    $default  reduce using rule 139 (evaluate_list)


state 272

   83 binary_expression: expression . ADD expression
   84                  | expression . SUB expression
   85                  | expression . MUL expression
   86                  | expression . DIV expression
   87                  | expression . MOD expression
   88                  | expression . AND expression
   89                  | expression . OR expression
   90                  | expression . XOR expression
   91                  | expression . EQ expression
   92                  | expression . NE expression
   93                  | expression . GT expression
   94                  | expression . GE expression
   95                  | expression . LT expression
   96                  | expression . LE expression
   97                  | expression . BIT_AND expression
   98                  | expression . BIT_OR expression
   99                  | expression . BIT_XOR expression
  100                  | expression . QM expression COLON expression
  140 evaluate_list: LEFT_QUAD expression COLON COLON expression . RIGHT_QUAD

    RIGHT_QUAD  shift, and go to state 286
    ADD         shift, and go to state 120
    SUB         shift, and go to state 121
    MUL         shift, and go to state 122
    DIV         shift, and go to state 123
    MOD         shift, and go to state 124
    EQ          shift, and go to state 125
    NE          shift, and go to state 126
    GT          shift, and go to state 127
    GE          shift, and go to state 128
    LT          shift, and go to state 129
    LE          shift, and go to state 130
    AND         shift, and go to state 131
    OR          shift, and go to state 132
    XOR         shift, and go to state 133
    BIT_AND     shift, and go to state 134
    BIT_OR      shift, and go to state 135
    BIT_XOR     shift, and go to state 136
    QM          shift, and go to state 137


state 273

  135 evaluate_list: LEFT_QUAD expression COLON expression RIGHT_QUAD .

    $default  reduce using rule 135 (evaluate_list)


state 274

  136 evaluate_list: LEFT_QUAD expression COLON expression COLON . RIGHT_QUAD
  137              | LEFT_QUAD expression COLON expression COLON . expression RIGHT_QUAD

    INT_LTR           shift, and go to state 17
    BLN_LTR           shift, and go to state 18
    FLT_LTR           shift, and go to state 19
    STR_LTR           shift, and go to state 20
    NLL_LTR           shift, and go to state 21
    SHORTCUT_PRINTLN  shift, and go to state 22
    IDENTIFER         shift, and go to state 23
    LEFT_PAREN        shift, and go to state 26
    LEFT_QUAD         shift, and go to state 27
    RIGHT_QUAD        shift, and go to state 287
    ADD               shift, and go to state 28
    SUB               shift, and go to state 29
    NOT               shift, and go to state 30
    BIT_NOT           shift, and go to state 31
    INCREMENT         shift, and go to state 32
    DECREMENT         shift, and go to state 33

    expression                   go to state 288
    lvalue_operation_expression  go to state 45
    assign_expression            go to state 46
    self_operation_expression    go to state 47
    unary_expression             go to state 48
    binary_expression            go to state 49
    shortcut_expression          go to state 50
    value_expression             go to state 51
    lvalue_expression            go to state 52
    array_expression             go to state 53
    function_expression          go to state 56


state 275

  155 evaluate_list: evaluate_list LEFT_QUAD COLON COLON RIGHT_QUAD .

    $default  reduce using rule 155 (evaluate_list)


state 276

  152 evaluate_list: evaluate_list LEFT_QUAD COLON expression RIGHT_QUAD .

    $default  reduce using rule 152 (evaluate_list)


state 277

  153 evaluate_list: evaluate_list LEFT_QUAD COLON expression COLON . RIGHT_QUAD
  154              | evaluate_list LEFT_QUAD COLON expression COLON . expression RIGHT_QUAD

    INT_LTR           shift, and go to state 17
    BLN_LTR           shift, and go to state 18
    FLT_LTR           shift, and go to state 19
    STR_LTR           shift, and go to state 20
    NLL_LTR           shift, and go to state 21
    SHORTCUT_PRINTLN  shift, and go to state 22
    IDENTIFER         shift, and go to state 23
    LEFT_PAREN        shift, and go to state 26
    LEFT_QUAD         shift, and go to state 27
    RIGHT_QUAD        shift, and go to state 289
    ADD               shift, and go to state 28
    SUB               shift, and go to state 29
    NOT               shift, and go to state 30
    BIT_NOT           shift, and go to state 31
    INCREMENT         shift, and go to state 32
    DECREMENT         shift, and go to state 33

    expression                   go to state 290
    lvalue_operation_expression  go to state 45
    assign_expression            go to state 46
    self_operation_expression    go to state 47
    unary_expression             go to state 48
    binary_expression            go to state 49
    shortcut_expression          go to state 50
    value_expression             go to state 51
    lvalue_expression            go to state 52
    array_expression             go to state 53
    function_expression          go to state 56


state 278

  149 evaluate_list: evaluate_list LEFT_QUAD expression COLON RIGHT_QUAD .

    $default  reduce using rule 149 (evaluate_list)


state 279

  150 evaluate_list: evaluate_list LEFT_QUAD expression COLON COLON . RIGHT_QUAD
  151              | evaluate_list LEFT_QUAD expression COLON COLON . expression RIGHT_QUAD

    INT_LTR           shift, and go to state 17
    BLN_LTR           shift, and go to state 18
    FLT_LTR           shift, and go to state 19
    STR_LTR           shift, and go to state 20
    NLL_LTR           shift, and go to state 21
    SHORTCUT_PRINTLN  shift, and go to state 22
    IDENTIFER         shift, and go to state 23
    LEFT_PAREN        shift, and go to state 26
    LEFT_QUAD         shift, and go to state 27
    RIGHT_QUAD        shift, and go to state 291
    ADD               shift, and go to state 28
    SUB               shift, and go to state 29
    NOT               shift, and go to state 30
    BIT_NOT           shift, and go to state 31
    INCREMENT         shift, and go to state 32
    DECREMENT         shift, and go to state 33

    expression                   go to state 292
    lvalue_operation_expression  go to state 45
    assign_expression            go to state 46
    self_operation_expression    go to state 47
    unary_expression             go to state 48
    binary_expression            go to state 49
    shortcut_expression          go to state 50
    value_expression             go to state 51
    lvalue_expression            go to state 52
    array_expression             go to state 53
    function_expression          go to state 56


state 280

   83 binary_expression: expression . ADD expression
   84                  | expression . SUB expression
   85                  | expression . MUL expression
   86                  | expression . DIV expression
   87                  | expression . MOD expression
   88                  | expression . AND expression
   89                  | expression . OR expression
   90                  | expression . XOR expression
   91                  | expression . EQ expression
   92                  | expression . NE expression
   93                  | expression . GT expression
   94                  | expression . GE expression
   95                  | expression . LT expression
   96                  | expression . LE expression
   97                  | expression . BIT_AND expression
   98                  | expression . BIT_OR expression
   99                  | expression . BIT_XOR expression
  100                  | expression . QM expression COLON expression
  146 evaluate_list: evaluate_list LEFT_QUAD expression COLON expression . RIGHT_QUAD
  147              | evaluate_list LEFT_QUAD expression COLON expression . COLON RIGHT_QUAD
  148              | evaluate_list LEFT_QUAD expression COLON expression . COLON expression RIGHT_QUAD

    RIGHT_QUAD  shift, and go to state 293
    COLON       shift, and go to state 294
    ADD         shift, and go to state 120
    SUB         shift, and go to state 121
    MUL         shift, and go to state 122
    DIV         shift, and go to state 123
    MOD         shift, and go to state 124
    EQ          shift, and go to state 125
    NE          shift, and go to state 126
    GT          shift, and go to state 127
    GE          shift, and go to state 128
    LT          shift, and go to state 129
    LE          shift, and go to state 130
    AND         shift, and go to state 131
    OR          shift, and go to state 132
    XOR         shift, and go to state 133
    BIT_AND     shift, and go to state 134
    BIT_OR      shift, and go to state 135
    BIT_XOR     shift, and go to state 136
    QM          shift, and go to state 137


state 281

    8 statement: statement close_execute_last_statement @1 single_statement LF check_indent build_statement_stack execute_single_statement .

    $default  reduce using rule 8 (statement)


state 282

   83 binary_expression: expression . ADD expression
   84                  | expression . SUB expression
   85                  | expression . MUL expression
   86                  | expression . DIV expression
   87                  | expression . MOD expression
   88                  | expression . AND expression
   89                  | expression . OR expression
   90                  | expression . XOR expression
   91                  | expression . EQ expression
   92                  | expression . NE expression
   93                  | expression . GT expression
   94                  | expression . GE expression
   95                  | expression . LT expression
   96                  | expression . LE expression
   97                  | expression . BIT_AND expression
   98                  | expression . BIT_OR expression
   99                  | expression . BIT_XOR expression
  100                  | expression . QM expression COLON expression
  129 argument_list: argument_list COMMA IDENTIFER COLON expression .

    ADD      shift, and go to state 120
    SUB      shift, and go to state 121
    MUL      shift, and go to state 122
    DIV      shift, and go to state 123
    MOD      shift, and go to state 124
    EQ       shift, and go to state 125
    NE       shift, and go to state 126
    GT       shift, and go to state 127
    GE       shift, and go to state 128
    LT       shift, and go to state 129
    LE       shift, and go to state 130
    AND      shift, and go to state 131
    OR       shift, and go to state 132
    XOR      shift, and go to state 133
    BIT_AND  shift, and go to state 134
    BIT_OR   shift, and go to state 135
    BIT_XOR  shift, and go to state 136
    QM       shift, and go to state 137

    $default  reduce using rule 129 (argument_list)


state 283

  163 do_while_statement: DO structure_statement WHILE LEFT_PAREN expression_statement RIGHT_PAREN . SEMICOLON

    SEMICOLON  shift, and go to state 295


state 284

  133 parameter_list: parameter_list COMMA IDENTIFER ASSIGN . expression

    INT_LTR           shift, and go to state 17
    BLN_LTR           shift, and go to state 18
    FLT_LTR           shift, and go to state 19
    STR_LTR           shift, and go to state 20
    NLL_LTR           shift, and go to state 21
    SHORTCUT_PRINTLN  shift, and go to state 22
    IDENTIFER         shift, and go to state 23
    LEFT_PAREN        shift, and go to state 26
    LEFT_QUAD         shift, and go to state 27
    ADD               shift, and go to state 28
    SUB               shift, and go to state 29
    NOT               shift, and go to state 30
    BIT_NOT           shift, and go to state 31
    INCREMENT         shift, and go to state 32
    DECREMENT         shift, and go to state 33

    expression                   go to state 296
    lvalue_operation_expression  go to state 45
    assign_expression            go to state 46
    self_operation_expression    go to state 47
    unary_expression             go to state 48
    binary_expression            go to state 49
    shortcut_expression          go to state 50
    value_expression             go to state 51
    lvalue_expression            go to state 52
    array_expression             go to state 53
    function_expression          go to state 56


state 285

  143 evaluate_list: LEFT_QUAD COLON expression COLON expression RIGHT_QUAD .

    $default  reduce using rule 143 (evaluate_list)


state 286

  140 evaluate_list: LEFT_QUAD expression COLON COLON expression RIGHT_QUAD .

    $default  reduce using rule 140 (evaluate_list)


state 287

  136 evaluate_list: LEFT_QUAD expression COLON expression COLON RIGHT_QUAD .

    $default  reduce using rule 136 (evaluate_list)


state 288

   83 binary_expression: expression . ADD expression
   84                  | expression . SUB expression
   85                  | expression . MUL expression
   86                  | expression . DIV expression
   87                  | expression . MOD expression
   88                  | expression . AND expression
   89                  | expression . OR expression
   90                  | expression . XOR expression
   91                  | expression . EQ expression
   92                  | expression . NE expression
   93                  | expression . GT expression
   94                  | expression . GE expression
   95                  | expression . LT expression
   96                  | expression . LE expression
   97                  | expression . BIT_AND expression
   98                  | expression . BIT_OR expression
   99                  | expression . BIT_XOR expression
  100                  | expression . QM expression COLON expression
  137 evaluate_list: LEFT_QUAD expression COLON expression COLON expression . RIGHT_QUAD

    RIGHT_QUAD  shift, and go to state 297
    ADD         shift, and go to state 120
    SUB         shift, and go to state 121
    MUL         shift, and go to state 122
    DIV         shift, and go to state 123
    MOD         shift, and go to state 124
    EQ          shift, and go to state 125
    NE          shift, and go to state 126
    GT          shift, and go to state 127
    GE          shift, and go to state 128
    LT          shift, and go to state 129
    LE          shift, and go to state 130
    AND         shift, and go to state 131
    OR          shift, and go to state 132
    XOR         shift, and go to state 133
    BIT_AND     shift, and go to state 134
    BIT_OR      shift, and go to state 135
    BIT_XOR     shift, and go to state 136
    QM          shift, and go to state 137


state 289

  153 evaluate_list: evaluate_list LEFT_QUAD COLON expression COLON RIGHT_QUAD .

    $default  reduce using rule 153 (evaluate_list)


state 290

   83 binary_expression: expression . ADD expression
   84                  | expression . SUB expression
   85                  | expression . MUL expression
   86                  | expression . DIV expression
   87                  | expression . MOD expression
   88                  | expression . AND expression
   89                  | expression . OR expression
   90                  | expression . XOR expression
   91                  | expression . EQ expression
   92                  | expression . NE expression
   93                  | expression . GT expression
   94                  | expression . GE expression
   95                  | expression . LT expression
   96                  | expression . LE expression
   97                  | expression . BIT_AND expression
   98                  | expression . BIT_OR expression
   99                  | expression . BIT_XOR expression
  100                  | expression . QM expression COLON expression
  154 evaluate_list: evaluate_list LEFT_QUAD COLON expression COLON expression . RIGHT_QUAD

    RIGHT_QUAD  shift, and go to state 298
    ADD         shift, and go to state 120
    SUB         shift, and go to state 121
    MUL         shift, and go to state 122
    DIV         shift, and go to state 123
    MOD         shift, and go to state 124
    EQ          shift, and go to state 125
    NE          shift, and go to state 126
    GT          shift, and go to state 127
    GE          shift, and go to state 128
    LT          shift, and go to state 129
    LE          shift, and go to state 130
    AND         shift, and go to state 131
    OR          shift, and go to state 132
    XOR         shift, and go to state 133
    BIT_AND     shift, and go to state 134
    BIT_OR      shift, and go to state 135
    BIT_XOR     shift, and go to state 136
    QM          shift, and go to state 137


state 291

  150 evaluate_list: evaluate_list LEFT_QUAD expression COLON COLON RIGHT_QUAD .

    $default  reduce using rule 150 (evaluate_list)


state 292

   83 binary_expression: expression . ADD expression
   84                  | expression . SUB expression
   85                  | expression . MUL expression
   86                  | expression . DIV expression
   87                  | expression . MOD expression
   88                  | expression . AND expression
   89                  | expression . OR expression
   90                  | expression . XOR expression
   91                  | expression . EQ expression
   92                  | expression . NE expression
   93                  | expression . GT expression
   94                  | expression . GE expression
   95                  | expression . LT expression
   96                  | expression . LE expression
   97                  | expression . BIT_AND expression
   98                  | expression . BIT_OR expression
   99                  | expression . BIT_XOR expression
  100                  | expression . QM expression COLON expression
  151 evaluate_list: evaluate_list LEFT_QUAD expression COLON COLON expression . RIGHT_QUAD

    RIGHT_QUAD  shift, and go to state 299
    ADD         shift, and go to state 120
    SUB         shift, and go to state 121
    MUL         shift, and go to state 122
    DIV         shift, and go to state 123
    MOD         shift, and go to state 124
    EQ          shift, and go to state 125
    NE          shift, and go to state 126
    GT          shift, and go to state 127
    GE          shift, and go to state 128
    LT          shift, and go to state 129
    LE          shift, and go to state 130
    AND         shift, and go to state 131
    OR          shift, and go to state 132
    XOR         shift, and go to state 133
    BIT_AND     shift, and go to state 134
    BIT_OR      shift, and go to state 135
    BIT_XOR     shift, and go to state 136
    QM          shift, and go to state 137


state 293

  146 evaluate_list: evaluate_list LEFT_QUAD expression COLON expression RIGHT_QUAD .

    $default  reduce using rule 146 (evaluate_list)


state 294

  147 evaluate_list: evaluate_list LEFT_QUAD expression COLON expression COLON . RIGHT_QUAD
  148              | evaluate_list LEFT_QUAD expression COLON expression COLON . expression RIGHT_QUAD

    INT_LTR           shift, and go to state 17
    BLN_LTR           shift, and go to state 18
    FLT_LTR           shift, and go to state 19
    STR_LTR           shift, and go to state 20
    NLL_LTR           shift, and go to state 21
    SHORTCUT_PRINTLN  shift, and go to state 22
    IDENTIFER         shift, and go to state 23
    LEFT_PAREN        shift, and go to state 26
    LEFT_QUAD         shift, and go to state 27
    RIGHT_QUAD        shift, and go to state 300
    ADD               shift, and go to state 28
    SUB               shift, and go to state 29
    NOT               shift, and go to state 30
    BIT_NOT           shift, and go to state 31
    INCREMENT         shift, and go to state 32
    DECREMENT         shift, and go to state 33

    expression                   go to state 301
    lvalue_operation_expression  go to state 45
    assign_expression            go to state 46
    self_operation_expression    go to state 47
    unary_expression             go to state 48
    binary_expression            go to state 49
    shortcut_expression          go to state 50
    value_expression             go to state 51
    lvalue_expression            go to state 52
    array_expression             go to state 53
    function_expression          go to state 56


state 295

  163 do_while_statement: DO structure_statement WHILE LEFT_PAREN expression_statement RIGHT_PAREN SEMICOLON .

    $default  reduce using rule 163 (do_while_statement)


state 296

   83 binary_expression: expression . ADD expression
   84                  | expression . SUB expression
   85                  | expression . MUL expression
   86                  | expression . DIV expression
   87                  | expression . MOD expression
   88                  | expression . AND expression
   89                  | expression . OR expression
   90                  | expression . XOR expression
   91                  | expression . EQ expression
   92                  | expression . NE expression
   93                  | expression . GT expression
   94                  | expression . GE expression
   95                  | expression . LT expression
   96                  | expression . LE expression
   97                  | expression . BIT_AND expression
   98                  | expression . BIT_OR expression
   99                  | expression . BIT_XOR expression
  100                  | expression . QM expression COLON expression
  133 parameter_list: parameter_list COMMA IDENTIFER ASSIGN expression .

    ADD      shift, and go to state 120
    SUB      shift, and go to state 121
    MUL      shift, and go to state 122
    DIV      shift, and go to state 123
    MOD      shift, and go to state 124
    EQ       shift, and go to state 125
    NE       shift, and go to state 126
    GT       shift, and go to state 127
    GE       shift, and go to state 128
    LT       shift, and go to state 129
    LE       shift, and go to state 130
    AND      shift, and go to state 131
    OR       shift, and go to state 132
    XOR      shift, and go to state 133
    BIT_AND  shift, and go to state 134
    BIT_OR   shift, and go to state 135
    BIT_XOR  shift, and go to state 136
    QM       shift, and go to state 137

    $default  reduce using rule 133 (parameter_list)


state 297

  137 evaluate_list: LEFT_QUAD expression COLON expression COLON expression RIGHT_QUAD .

    $default  reduce using rule 137 (evaluate_list)


state 298

  154 evaluate_list: evaluate_list LEFT_QUAD COLON expression COLON expression RIGHT_QUAD .

    $default  reduce using rule 154 (evaluate_list)


state 299

  151 evaluate_list: evaluate_list LEFT_QUAD expression COLON COLON expression RIGHT_QUAD .

    $default  reduce using rule 151 (evaluate_list)


state 300

  147 evaluate_list: evaluate_list LEFT_QUAD expression COLON expression COLON RIGHT_QUAD .

    $default  reduce using rule 147 (evaluate_list)


state 301

   83 binary_expression: expression . ADD expression
   84                  | expression . SUB expression
   85                  | expression . MUL expression
   86                  | expression . DIV expression
   87                  | expression . MOD expression
   88                  | expression . AND expression
   89                  | expression . OR expression
   90                  | expression . XOR expression
   91                  | expression . EQ expression
   92                  | expression . NE expression
   93                  | expression . GT expression
   94                  | expression . GE expression
   95                  | expression . LT expression
   96                  | expression . LE expression
   97                  | expression . BIT_AND expression
   98                  | expression . BIT_OR expression
   99                  | expression . BIT_XOR expression
  100                  | expression . QM expression COLON expression
  148 evaluate_list: evaluate_list LEFT_QUAD expression COLON expression COLON expression . RIGHT_QUAD

    RIGHT_QUAD  shift, and go to state 302
    ADD         shift, and go to state 120
    SUB         shift, and go to state 121
    MUL         shift, and go to state 122
    DIV         shift, and go to state 123
    MOD         shift, and go to state 124
    EQ          shift, and go to state 125
    NE          shift, and go to state 126
    GT          shift, and go to state 127
    GE          shift, and go to state 128
    LT          shift, and go to state 129
    LE          shift, and go to state 130
    AND         shift, and go to state 131
    OR          shift, and go to state 132
    XOR         shift, and go to state 133
    BIT_AND     shift, and go to state 134
    BIT_OR      shift, and go to state 135
    BIT_XOR     shift, and go to state 136
    QM          shift, and go to state 137


state 302

  148 evaluate_list: evaluate_list LEFT_QUAD expression COLON expression COLON expression RIGHT_QUAD .

    $default  reduce using rule 148 (evaluate_list)
